ID_Municipio,Municipio,Sección Electoral,Población Aprox.,Promotores Ambientales,Fiscalización 3ra Categoría,GIRSU y Residuos,Áreas Protegidas y Arbolado,Otras Acciones Ambientales,Fuentes Oficiales,,,,,,,,,
MUN-BA-004,Navarro,Primera,19000,Articulación con el Ministerio de Ambiente de la Provincia de Buenos Aires para talleres de educación ambiental y jornadas de concientización comunitaria. El municipio cuenta con campañas barriales de separación en origen y programas de recolección diferenciada comunitaria con promotores ambientales locales y articulación escolar.,"Competencia directa y reservada del Ministerio de Ambiente de la PBA (ex OPDS) conforme a la Ley Provincial N° 11.459 y su Decreto Reglamentario 531/19. El Municipio interviene en la categorización de 1ra y 2da categoría y realiza inspecciones conjuntas con inspectores provinciales ante denuncias de vuelcos o pasivos ambientales. Cuenta con Sector Industrial Planificado (SIP) con radicación de industrias alimenticias, lácteas y de servicios agropecuarios.","Dispone de Planta de Tratamiento y Clasificación de Residuos Sólidos Urbanos (RSU) municipal donde se procesan fracciones reciclables (plásticos, cartón, vidrio, metales). Implementación progresiva del sistema de contenedores diferenciados en el casco urbano y localidades del interior (Las Marianas, Villa Moll, JJ Almeyra). Programa de gestión de RAEEs (residuos electrónicos) y Aceite Vegetal Usado (AVU).","Humedal y Cuenca de la Laguna de Navarro (ecosistema lacustre de alto valor recreativo, faunístico e hídrico pampeano). Plan de Manejo y Protección del Arbolado Público Urbano con censo forestal municipal y vivero de especies nativas para reforestación de bulevares y plazas.",Regulación de distancias de aplicación de fitosanitarios y agroquímicos en zonas periurbanas mediante ordenanza municipal. Convenios con el programa CampoLimpio para la recepción y triple lavado de envases vacíos de fitosanitarios. Proyectos de iluminación LED eficiente y preservación de la cuenca hídrica del arroyo Navarro.,https://navarro.gob.ar/areas/ambiente/ ; https://www.ambiente.gba.gob.ar,,,,,,,,,
MUN-BA-005,Suipacha,Primera,11000,Equipo municipal de educación ambiental y promotores verdes que coordinan talleres en escuelas y centros comunitarios. Impulso a la participación ciudadana en la campaña 'Suipacha Recicla' y difusión puerta a puerta de pautas de compostaje domiciliario y reciclaje.,Fiscalización de industrias de 3ra categoría a cargo exclusivo del Ministerio de Ambiente de la Provincia de Buenos Aires (Ley 11.459). El municipio cuenta con un Sector Industrial Planificado (SIP Suipacha) enfocado predominantemente en la industria láctea,quesera,agroindustrial y metalmecánica liviana,ejerciendo control preventivo sobre habilitaciones comerciales y efluentes industriales en conjunto con la provincia.,"Red municipal de Puntos Verdes distribuida en barrios y plazas para la recolección selectiva de secos. Planta de Separación y Clasificación de RSU en predio municipal. Plan integral de saneamiento, ordenamiento y mitigación de pasivos en el predio de disposición final de residuos.",Ordenanza N° 2731/2024 de Protección y Censo del Arbolado Público municipal. Protección de las riberas y bañados del Río Luján y arroyos afluentes que atraviesan el partido. Campañas anuales de forestación con ejemplares autóctonos en espacios públicos.,Ordenanza regulatoria para la aplicación de productos fitosanitarios y agroquímicos con zona de exclusión y amortiguamiento periurbano. Instalación de sensores para monitoreo de calidad del aire en convenio con Ambiente PBA. Fomento del programa municipal de recolección de pilas,baterías y AVU.,https://suipacha.gob.ar/ambiente/ ; https://sibom.slyt.gba.gob.ar,,,,,
MUN-BA-006,General Las Heras,Primera,19000,Programa 'Naturalmente Las Heras' con promotores ambientales que gestionan ecoestaciones y talleres de reciclado. Capacitación continua a delegaciones y escuelas distritales en articulación con el Ministerio de Ambiente de la PBA y la Autoridad de Cuenca Matanza Riachuelo (ACUMAR).,Doble esquema de fiscalización ambiental: fiscalización industrial bajo órbita de ACUMAR y el Ministerio de Ambiente PBA para establecimientos de 3ra categoría. Parque Industrial General Las Heras en expansión con industrias manufactureras,químicas y de logística. El municipio cuenta con inspectores ambientales para relevamiento de 1ra y 2da categoría y control de empadronamiento industrial obligatorio.,"Planta de Tratamiento y Recuperación de Residuos Sólidos Urbanos. Red de Estaciones de Reciclado 'Naturalmente' en cascos urbanos y delegaciones (Villars, Plomer, Hornos). Equipamiento provisto por ACUMAR y Provincia (camiones compactadores y volcadores para recolección diferenciada). Plan de erradicación de microbasurales rurales.",Humedales de la Cuenca Alta del Río Matanza-Riachuelo con monitoreo hidrobiológico sistemático junto a ACUMAR. Plan Director de Arbolado Urbano y reforestación de paseos ferroviarios y corredores verdes interurbanos.,Integración a los planes de saneamiento integral de ACUMAR (control de vuelcos industriales,monitoreo de napas y calidad de agua). Ordenanza local de restricción y recetas agronómicas obligatorias para fitosanitarios. Promoción de luminarias solares y eficiencia energética en dependencias públicas.,https://gobiernodelasheras.com ; https://www.acumar.gob.ar,,,,,,,
MUN-BA-007,Salto,Segunda,41000,Cuerpo activo de Promotoras Ambientales en articulación directa con el Ministerio de Ambiente de la Provincia de Buenos Aires. Despliegue de dispositivos territoriales de concientización,talleres 'EcoComunidad' y fomento de la separación en origen puerta a puerta en barrios céntricos y periféricos.,"Supervisión de industrias de 3ra categoría ejercida por el Ministerio de Ambiente de la Provincia de Buenos Aires (Ley 11.459). Importante núcleo agroindustrial y de procesamiento de alimentos (frigoríficos avícolas, molinos, fábricas de golosinas y snacks). El área de Ambiente municipal realiza monitoreos de efluentes líquidos industriales y emisiones gaseosas en coordinación con organismos provinciales.",Hito de gestión: Cierre definitivo del histórico basural a cielo abierto e inauguración del nuevo Complejo Ambiental GIRSU con planta de separación automatizada y celda de disposición sanitaria. Entrega de camiones para recolección diferenciada y maquinarias de enfardado provistas por la Provincia. Cooperativas de recicladores urbanos formalizadas e integradas al proceso.,Plan de protección de la ribera del Río Salto y balneario municipal. Programa de preservación y censo del arbolado público urbano con reforestación comunitaria de especies autóctonas.,Monitoreo continuo de la cuenca del Río Salto para mitigación de inundaciones y conservación de cauces. Ordenanza regulatoria de fitosanitarios y agroquímicos con control de zonas de exclusión urbana. Nodo de recepción de envases de agroquímicos en articulación con CampoLimpio.,https://salto.gob.ar ; https://www.ambiente.gba.gob.ar/noticias/kicillof_y_vilar_en_salto_cierre_del_basural_e_inauguraci%C3%B3n_de_complejo_ambiental,,,,,,,,
MUN-BA-008,Baradero,Segunda,41000,Red de promotores ambientales municipales y promotoras comunitarias en articulación con cooperativas de recuperadores urbanos. Campañas educativas en escuelas distritales y eventos populares de concientización en economía circular y gestión de reciclables.,Competencia de fiscalización de 3ra categoría bajo el Ministerio de Ambiente PBA. Distrito con alta densidad fabril concentrada en el Parque Industrial Baradero e industrias de gran escala (química,molienda húmeda de maíz/almidones,autopartes,papeleras). La Dirección de Ambiente local interviene en mediaciones vecinales por olores/vuelcos y fiscalización de establecimientos de 1ra y 2da categoría.,Planta Municipal de Reciclaje y Tratamiento de RSU. Nueva ordenanza GIRSU marco para la separación en origen y erradicación progresiva del basural municipal a cielo abierto. Fortalecimiento del parque de maquinaria para recolección diferenciada con financiamiento provincial y nacional.,"Reserva Natural Urbana Municipal 'Parque del Este' (36 hectáreas protegidas de selva en galería, talares y albardones del Delta del Paraná). Reserva Natural Municipal Paraná Guazú (islas de la 4ta sección). Plan municipal de protección y conservación del arbolado nativo costero.",Control ambiental sobre el corredor ribereño y humedales del Río Baradero / Delta del Paraná. Ordenanza sobre gestión y aplicación de fitosanitarios con delimitación de zonas periurbanas protegidas. Programa municipal de recolección de AVU y residuos electrónicos.,https://baradero.gob.ar ; https://es.wikipedia.org/wiki/Reserva_natural_urbana_Parque_del_Este,,,,,,
MUN-BA-009,Exaltación de la Cruz,Segunda,41000,Dirección de Producción y Medio Ambiente coordina promotores locales en el programa 'Echando Raíces' y proyectos de reciclaje en colegios de Capilla del Señor,Los Cardales y Pavón. Voluntariado ambiental vecinal y ecotalleres de huerta y compostaje.,Fiscalización de industrias de 3ra categoría bajo la competencia del Ministerio de Ambiente PBA (Ley 11.459). El distrito alberga polos productivos de vanguardia como el Parque Industrial Ecológico Ruta 6 (Los Cardales) y Parque de la Cruz (Ruta 8),con estrictas pautas de zonificación para industrias de bajo impacto ambiental o con tratamientos avanzados de efluentes.,Sistema de recolección diferenciada y Puntos Limpios barriales. Planta de clasificación y recuperación de secos. Proyectos para la remediación de basurales periféricos y articulación con empresas radicadas en parques industriales para reciclado y valorización energética de descartes.,Preservación del valle de inundación del Arroyo de la Cruz y humedales asociados. Ordenanza de arbolado público que exige compensación forestal a nuevos desarrollos urbanísticos (barrios cerrados y clubes de campo) y reforestación de áreas verdes públicas.,Ordenanza pionera en regulación de fitosanitarios y fumigaciones (estableciendo amplias zonas de exclusión y fomento de la transición agroecológica periurbana). Programas de eficiencia energética y promoción de construcciones sustentables en el polo ecológico.,https://www.exaltaciondelacruz.gob.ar ; https://parquedelacruz.com.ar,,,,,,,
MUN-BA-010,Ramallo,Segunda,41000,Iniciativas de promotores ambientales a través de la Subsecretaría de Políticas Ambientales municipal y organizaciones no gubernamentales locales. Jornadas de limpieza de costas,concientización en escuelas y difusión de buenas prácticas de separación en origen.,Distrito de máxima complejidad industrial y portuaria del norte bonaerense. Control de 3ra categoría bajo la estricta jurisdicción del Ministerio de Ambiente de la PBA y Prefectura Naval en zona portuaria. Alberga el Parque Industrial COMIRSA (compartido con San Nicolás),terminales portuarias cerealeras,plantas químicas,petroquímicas y siderúrgicas. El municipio cuenta con área técnica de monitoreo y recepción de denuncias ambientales.,Programa GIRSU municipal con planta de tratamiento y acondicionamiento de residuos reciclables. Problemática histórica en el predio de disposición final con incendios y saturación,demandando intervención del Ministerio de Ambiente PBA para saneamiento integral y readecuación operativa.,Reserva Natural Municipal de Ramallo (área de barrancas,bosque nativo de talares y albardón costero sobre el Río Paraná). Protección de las islas y humedales del Delta Superior del Paraná. Plan de arbolado urbano con preservación de especies autóctonas en paseos costeros.,Monitoreo de efluentes y calidad de agua en la cuenca del Río Paraná y arroyos locales (Arroyo Las Hermanas). Convenio INTA-FAO para proyectos de ganadería sustentable en bosques nativos. Regulación y monitoreo de acopio y aplicación de agroquímicos en zonas rurales extensivas.,https://www.ramallo.gob.ar/ambiente ; https://www.lavozderamallo.com.ar,,,
MUN-BA-011,Arrecifes,Segunda,33000,Dirección de Políticas Ambientales municipal ejecuta campañas con promotores comunitarios en el casco urbano y delegaciones (Todd,Viña). Jornadas itinerantes de recolección de residuos especiales,talleres educativos y actividades de concientización sobre economía circular.,Fiscalización de industrias de 3ra categoría a cargo del Ministerio de Ambiente de la Provincia de Buenos Aires (Ley 11.459). Sector Industrial Planificado de Arrecifes con predominio de empresas agroindustriales,molinos harineros,plantas metalmecánicas y talleres de servicios viales/agrícolas. Control municipal focalizado en habilitaciones y zonificación de 1ra y 2da categoría.,Planta de Tratamiento y Separación de Residuos Urbanos (RSU Arrecifes). Sistema de recolección diferenciada y campañas periódicas para residuos especiales (RAEEs,pilas y baterías,neumáticos fuera de uso - NFU y Aceite Vegetal Usado - AVU). Trabajo continuo en mitigación y saneamiento del vertedero local.,Protección de la ribera del Río Arrecifes,zona del Tajamar y Parque Balneario Municipal. Ordenanza de Arbolado Público que regula las podas,extracciones y reposición obligatoria con especies nativas.,Ordenanza municipal que delimita las zonas de amortiguamiento y resguardo ambiental para la pulverización de fitosanitarios. Convenios para la recepción de bidones de agroquímicos con triple lavado. Proyectos de saneamiento y dragado preventivo de la cuenca del Río Arrecifes.,https://arrecifes.gob.ar/category/medioambiente/ ; https://recicladores.com.ar,
MUN-BA-012,Colón,Segunda,29000,Promoción ambiental comunitaria impulsada desde el área municipal de Medio Ambiente,involucrando centros educativos,clubes y comisiones barriales. Campañas de compostaje en el hogar,separación de plásticos y talleres de concientización para la reducción del uso de bolsas de un solo uso.,Control de 3ra categoría a cargo del Ministerio de Ambiente PBA (Ley 11.459). El distrito cuenta con un Sector Industrial Planificado y diversas agroindustrias (acopiadoras de granos,semillas,semilleros internacionales,metalúrgica de implementos agrícolas). La gestión municipal controla efluentes menores e higiene urbana.,Planta de Tratamiento y Reciclaje de RSU con separación en cinta y venta de materiales recuperados (fardos de cartón,PET,hojalata). Implementación de Puntos Limpios en plazas y barrios. Plan de remediación y reconversión técnica del basural comunal.,Complejo del Lago Municipal y Parque de la Isla de Colón (principal pulmón verde y reservorio hídrico-ecológico urbano). Programa de arbolado urbano con cuadrillas de poda correctiva y plantación de nativas en espacios públicos y accesos viales.,Ordenanza municipal de regulación del uso y aplicación terrestre de agroquímicos/fitosanitarios con fiscalización de recetas agronómicas y fiscalización de distancias mínimas a caseríos y escuelas rurales. Centro de Acopio Transitorio (CAT) para envases fitosanitarios.,https://colon.gob.ar ; https://www.ambiente.gba.gob.ar,
MUN-BA-013,San Antonio de Areco,Segunda,28000,Programa consolidado de Promotores Ambientales y educación comunitaria 'Areco Sustentable'. Pionero en autodiagnóstico GIRSU intermunicipal. Fuerte articulación con cooperativas de recicladores urbanos,escuelas rurales y proyectos agroecológicos locales ('Bien de la Tierra').,Fiscalización de industrias de 3ra categoría sujeta al control del Ministerio de Ambiente PBA (Ley 11.459). El Parque Industrial de San Antonio de Areco y su zona industrial albergan empresas alimenticias,textiles,farmacéuticas y de insumos agropecuarios. La Secretaría de Desarrollo y Producción y Ambiente supervisa habilitaciones y el cumplimiento de parámetros ambientales locales.,Planta de Reciclaje y Separación de Residuos 'Areco Recicla'. Sistema integral de recolección diferenciada domiciliaria (bolsa verde / negra) y red de Puntos Verdes. Plan integral de tratamiento de orgánicos para compostaje público y proyectos de remediación de pasivos en disposición final.,Reserva Natural Urbana Municipal 'Parque Criollo y Ribera del Río Areco'. Cuenca del Río Areco sujeta a planes de conservación de humedales y mitigación de anegamientos. Plan Maestro de Arbolado Público con conservación de árboles históricos y forestación autóctona.,Ordenanza de fomento de la producción agroecológica sin agrotóxicos en el periurbano. Ordenanza estricta de fitosanitarios con zonas de exclusión escolar y urbana. Proyectos de energía solar en edificios públicos y preservación del patrimonio paisajístico y natural gauchesco.,https://areco.ar/desarrollo-y-produccion/ ; https://metropolitana.org.ar,,,,,,
MUN-BA-014,Rojas,Segunda,27000,Articulación con programas de capacitación del Ministerio de Ambiente PBA y la UNSAM para agentes de gestión de residuos. Promotores ambientales escolares y campañas en medios locales para fomentar la separación en origen de plásticos,papel y vidrio.,Fiscalización de 3ra categoría exclusiva del Ministerio de Ambiente provincial. Reactivación y regularización del Parque Industrial de Rojas (SIP) que nuclea industrias semilleras de alta tecnología (Monsanto/Bayer,Syngenta,acopios),metalmecánica y químicas. El municipio gestiona habilitaciones de 1ra y 2da categoría y supervisa la seguridad ambiental del parque.,Planta de Separación de RSU y tratamiento de secos. Plan integral para regularizar la operatividad del predio de disposición final y saneamiento de focos de basurales a cielo abierto históricos en articulación con el gobierno provincial. Puntos Verdes barriales.,Preservación del área ribereña del Río Rojas y Paseo de la Ribera. Ordenanza de Arbolado Urbano con planes de poda regulada y reposición de arbolado de alineación en avenidas principales.,Ordenanza de aplicación de fitosanitarios con distancias de restricción y fiscalización agronómica. Instalación y operación de Centro de Acopio Transitorio (CAT) para envases vacíos de agroquímicos en articulación con CampoLimpio y Ambiente PBA.,https://rojas.gov.ar ; https://hoyrojas.com.ar,,,,,
MUN-BA-015,San Andrés de Giles,Segunda,27000,Dirección de Ambiente cuenta con promotores ambientales que desarrollan campañas de concientización barrial,ecocanjes ('Botellas de Amor',secos por plantines) y talleres en escuelas primarias y secundarias del distrito y localidades vecinas (Solís,Cucullu,Villa Ruiz).,Control de 3ra categoría ejercido por el Ministerio de Ambiente de la PBA. El distrito cuenta con un Sector Industrial Planificado (SIP) y radicaciones fabriles de alimentos,chacinados,avícolas,molinos y autopartes. Monitoreo municipal coordinado para industrias de 1ra y 2da categoría y vertido de efluentes.,Planta Municipal de Tratamiento de RSU con cinta de clasificación y prensas de reciclado. Programa de recolección diferenciada de residuos secos e instalación de Puntos Limpios en plazas. Plan de contingencia y avance hacia el cierre y saneamiento del basural a cielo abierto.,Preservación de las cuencas de los Arroyos Giles y Cañada de la Cruz. Programa 'Plantando Futuro' de arbolado público y reforestación con especies autóctonas en el Parque Municipal y espacios públicos comunitarios.,Ordenanza municipal de fitosanitarios y agroquímicos con zonificación de amortiguamiento periurbano. Proyectos de compostaje traspatio e institucional en articulación con el INTA. Programa municipal de recolección de AVU y residuos electrónicos.,https://sanandresdegiles.gob.ar/?q=direccion-ambiente ; https://www.ambiente.gba.gob.ar,,
MUN-BA-016,Carmen de Areco,Segunda,18000,Dirección de Ambiente articula con el Ministerio de Ambiente PBA jornadas del programa 'Industrias Bonaerenses Sustentables' y promotores ambientales juveniles en escuelas y clubes. Campañas comunitarias para separación domiciliaria y ecocanje de reciclables.,Supervisión de establecimientos de 3ra categoría a cargo de la cartera ambiental provincial. El distrito cuenta con Parque Industrial Municipal con empresas agroindustriales,secaderos de granos,chacinados,frigoríficos y metalúrgica. El municipio gestiona inspecciones de 1ra y 2da categoría y supervisa la correcta gestión de efluentes líquidos y residuos especiales.,Incorporación de nuevos contenedores de RSU y puesta en marcha del sistema de recolección selectiva. Planta de Tratamiento y Recuperación de Residuos Sólidos Urbanos. Planes de remediación de pasivos ambientales y saneamiento del basural municipal a cielo abierto.,Complejo Balneario y Camping Municipal sobre el Río Areco (área de conservación natural,esparcimiento y reserva de flora riparia). Censo y plan de reforestación del arbolado público urbano con plantación de nativas en avenidas y accesos.,Sensores de monitoreo de calidad de aire instalados junto a Ambiente PBA. Ordenanza local reguladora de aplicación terrestre de fitosanitarios y agroquímicos con control de franjas de protección periurbana y centros educativos rurales. Gestión de RAEEs y AVU.,https://carmendeareco.gob.ar/ambiente/ ; https://carmendeareco.gob.ar/parque-industrial/,,,,,
MUN-BA-017,Capitán Sarmiento,Segunda,17000,Acciones de educación ambiental impulsadas por el municipio a través de redes y centros comunitarios. Programas de concientización sobre reducción de residuos y reciclaje en articulación con el sistema educativo local.,Control de 3ra categoría a cargo del Ministerio de Ambiente PBA (Ley 11.459). Alta trascendencia industrial por la radicación del mega complejo frigorífico avícola Granja Tres Arroyos (Planta Cahuané),industria de 3ra categoría que emplea a gran parte de la población pero genera desafíos de control sobre efluentes y olores. Intervenciones conjuntas de fiscalización provincial-municipal sobre la cuenca del Arroyo Cahuané.,Planta municipal de separación y reciclaje de RSU. Campañas de recolección de materiales reciclables secos y Puntos Verdes. Esfuerzos para el ordenamiento y remediación progresiva del vertedero a cielo abierto local.,Cuenca del Arroyo Cahuané y Balneario Municipal (espacio verde de recreación y preservación biológica). Plan de mantenimiento y reforestación de arbolado urbano público con enfoque en especies resistentes.,Convenios y mesas de trabajo ambiental con empresas avícolas y agropecuarias para la modernización de plantas de tratamiento de efluentes industriales. Ordenanza sobre distancias de fumigación y control de agroquímicos en campos colindantes al ejido urbano.,https://capitansarmiento.gob.ar ; https://infoalimentacion.com.ar,,,,,,,,
MUN-BA-003,Magdalena,Tercera,20000,Promotores ambientales municipales y guardaparques que coordinan charlas de educación ecológica,avistaje de flora/fauna nativa y preservación costera en escuelas del distrito (Magdalena,Bavio,Atalaya,Vieytes) y centros de información turística.,Competencia de 3ra categoría a cargo del Ministerio de Ambiente de la Provincia de Buenos Aires (Ley 11.459). Predominio de actividad agropecuaria,tambera,láctea y minera no metalífera (canteras de conchilla y arena). El municipio supervisa canteras,establecimientos de 1ra y 2da categoría y el impacto costero-ambiental.,Planta de Tratamiento y Separación de RSU en Magdalena. Recolección de secos y puntos de acopio en delegaciones y playas. Programa de recolección diferenciada para evitar la contaminación de las zonas de biosfera y costas del Río de la Plata. Plan de saneamiento de basurales locales.,"Área de valor de conservación internacional: Forma parte de la Reserva de Biósfera 'Parque Costero del Sur' (declarada por la UNESCO - Programa MAB en 1985), que protege talares, coronillos, pastizales pampeanos y humedales rioplatenses. Reserva Natural Privada 'El Destino' (2.500 hectáreas protegidas). Plan de conservación del bosque nativo de tala y arbolado público.",Políticas de ecoturismo sustentable y conservación estricta de biodiversidad en el litoral rioplatense. Ordenanza de regulación del uso de agroquímicos con resguardo de zonas de amortiguamiento de la reserva de biosfera. Programas de protección de especies autóctonas (mariposa bandera argentina y venado de las pampas).,https://turismomagdalena.gob.ar ; https://reservasprivadas.org.ar/el-destino/ ; https://es.wikipedia.org/wiki/Parque_Costero_del_Sur,,
MUN-BA-018,Lobos,Tercera,43000,Dirección de Medio Ambiente municipal impulsa promotores ambientales para la concientización vecinal en la separación de residuos,jornadas de 'Lobos Limpio' y actividades educativas en la Laguna de Lobos y Villa Logüercio.,Fiscalización de industrias de 3ra categoría dependiente del Ministerio de Ambiente de la Provincia de Buenos Aires (Ley 11.459). Parque Industrial de Lobos e industrias radicadas en el corredor de la RN 205 (lácteas,metalmecánica,frigoríficos,agroquímica). El municipio efectúa controles de habilitación,ruidos molestos y vertidos para establecimientos de menor complejidad.,Planta de Tratamiento y Clasificación de RSU de Lobos. Red de campanas y Puntos Verdes para recolección de plástico,vidrio,cartón y latas. Programas específicos de retiro de RAEEs,pilas y AVU. Avances en el ordenamiento y mitigación ambiental del vertedero municipal.,Humedal y Cuenca de la Laguna de Lobos (cuerpo de agua clave para la biodiversidad de avifauna acuática y fauna ictícola pampeana,de alto interés ecoturístico). Parque Municipal Ingeniero Hiriart (pulmón verde urbano). Ordenanza de Arbolado Público con planes anuales de forestación urbana.,Comité de Cuenca y monitoreo del estado trófico de la Laguna de Lobos para prevenir eventos de eutrofización y floraciones algales. Ordenanza regulatoria de aplicación de fitosanitarios con zonas de exclusión respecto al casco urbano y la laguna. Promoción del turismo rural sostenible.,https://www.lobos.gob.ar ; https://es.wikipedia.org/wiki/Laguna_de_Lobos
MUN-BA-019,Brandsen,Tercera,33000,Dirección de Ambiente coordina talleres de concientización en escuelas y centros barriales en el marco de la declaración de Brandsen como 'Municipio Ambiental' (Ordenanza HCD 1237/2007). Campañas de promoción del reciclaje con cooperativas locales y eventos comunitarios.,Control de 3ra categoría bajo jurisdicción exclusiva del Ministerio de Ambiente PBA (Ley 11.459). Núcleo agroindustrial e industrial relevante (complejo avícola y ovoproductos Ovobrand,fábricas de plásticos,agroquímicos,autopartes en Ruta 2 / RP 215). Fiscalización ambiental local centrada en 1ra y 2da categoría,olores y efluentes agropecuarios.,Planta Municipal de Reciclado y Tratamiento de Residuos Sólidos Urbanos. Incorporación de camiones para recolección diferenciada provistos por el Ministerio de Ambiente PBA y colocación de contenedores en delegaciones (Jeppener,Gómez,Altamirano,Samborombón). Planes de erradicación de basurales a cielo abierto.,Cuenca del Río Samborombón y humedales asociados. Bosque nativo de talares relictuales y arbolado público regulado por normativa local de poda y preservación forestal.,Ordenanza de regulación y control de la aplicación de productos fitosanitarios y agroquímicos periurbanos. Saneamiento de cuencas hídricas y campañas de gestión de envases de agroquímicos.,https://www.brandsen.gob.ar ; https://hcdbrandsen.gob.ar,,
MUN-BA-020,Punta Indio,Tercera,13000,Cuerpo municipal de promotores ambientales y guardaparques comunitarios muy activos en Verónica y Pipinas. Programas permanentes de educación ambiental y ecoturismo,voluntariado de preservación costera y talleres de reciclado y compostaje domiciliario.,Fiscalización de 3ra categoría a cargo del Ministerio de Ambiente PBA (Ley 11.459). Perfil netamente conservacionista,ganadero extensivo y turístico; sin industrias pesadas de 3ra categoría. Municipio fiscaliza cooperativas locales,servicios y canteras de conchilla de 1ra y 2da categoría.,Planta de Separación y Tratamiento de RSU 'Punta Indio Recicla'. Sistema modelo de recolección diferenciada domiciliaria y red de Puntos Limpios en Pipinas,Verónica y Punta del Indio. Programas de compostaje vecinal y reducción de residuos en zona de reserva.,"Valor ambiental superlativo: Núcleo central de la Reserva de Biósfera 'Parque Costero del Sur' (UNESCO 1985), que preserva los talares y coronillares de barranca, pastizal pampeano y costas del Río de la Plata. Hábitat de la Mariposa Bandera Argentina (declarada Monumento Natural local y provincial) y el Venado de las Pampas. Plan estricto de arbolado y protección del bosque nativo.",Ordenanza modelo de prohibición total de aplicación aérea de fitosanitarios y severas restricciones terrestres en resguardo de la biosfera y las escuelas rurales. Proyectos de energía comunitaria y turismo de naturaleza sustentable.,https://puntaindio.gob.ar ; https://es.wikipedia.org/wiki/Parque_Costero_del_Sur,,,,,
MUN-BA-021,Chivilcoy,Cuarta,70000,"Programa 'Chivilcoy Sustentable' coordinado por la Dirección de Medio Ambiente y articulación público-privada con la empresa RSU Ambiental ('Contigo'). Cuenta con promotores ambientales comunitarios que realizan concientización puerta a puerta en barrios y comercios sobre separación en origen, además de talleres de educación ambiental en escuelas técnicas y primarias.","Parque Industrial Chivilcoy de 84 hectáreas con más de 65 industrias radicadas (sectores metalúrgico, químico, plásticos, alimentos balanceados y puerto seco/aduana). El control y la fiscalización de industrias de 3ra categoría (alta complejidad ambiental) están a cargo exclusivo del Ministerio de Ambiente de la PBA bajo la Ley 11.459 y Dto. 531/19. El Municipio interviene en categorizaciones 1 y 2, zonificación y fiscalización conjunta en el Sector Industrial Planificado de Moquehua.",Esquema de gestión con recolección diferenciada en grandes generadores comerciales e industriales a través del polo de acopio y separación en el Parque Industrial. Red de puntos limpios en la planta urbana y plan integral de saneamiento del basural municipal a cielo abierto hacia un centro de valorización de residuos.,"Parque Municipal Alejandro Martija (reserva natural y recreativa comunitaria de flora y fauna), cuenca del Río Salado y arroyos locales. Plan de arbolado urbano con censo forestal, podas programadas y reposición con especies nativas bonaerenses.",Nodo de recolección y Centro de Almacenamiento Transitorio (CAT) de envases vacíos de fitosanitarios articulado con CampoLimpio. Desarrollo de proyectos de economía circular en plásticos y bioplásticos compostables a base de almidones vegetales.,https://chivilcoy.gov.ar/ ; https://parqueindustrialchivilcoy.com.ar/ ; https://rsuambiental.com.ar/ ; https://www.ambiente.gba.gob.ar/,,,,,,,,,
MUN-BA-022,Chacabuco,Cuarta,54000,Dirección de Protección Ambiental municipal con el programa 'Chacabuco Verde'. Formación y despliegue de promotores ambientales barriales e integración socioambiental con la Cooperativa de Recicladores Chacabuco Verde para la recuperación inclusiva de residuos secos.,"Parque Industrial Chacabuco con importante presencia del sector agroindustrial (molienda húmeda/seca de maíz como Ingredion, químicas y semilleras). La fiscalización de establecimientos de 3ra categoría depende del Ministerio de Ambiente de la Provincia de Buenos Aires (Ley 11.459); el municipio ejerce inspección preventiva en 1ra y 2da categoría y control de vertidos efluentes a la red.",Puesta en funcionamiento del Centro de Reciclado Urbano y Planta de Tratamiento de RSU (habilitada como Destino Sustentable provincial). Plan activo para el saneamiento progresivo del basural a cielo abierto con despacho regular de toneladas de materiales reciclables (plástico,cartón,vidrio y metales) a la industria transformadora.,Parque Recreativo Municipal y Reserva Natural Laguna de Rocha (humedal clave para la biodiversidad regional). Plan regulatorio del arbolado público urbano y jornadas de plantación de árboles nativos.,"Centro de Almacenamiento Transitorio (CAT) de envases de fitosanitarios sobre RN 7 (Km 205,5) con CampoLimpio, campañas de recolección de RAEEs y ordenanza de regulación de aplicaciones agronómicas periurbanas.",https://chacabuco.gob.ar/ ; https://www.ambiente.gba.gob.ar/ ; https://chacabucoenred.com/,,,,,,,
MUN-BA-023,9 de Julio,Cuarta,54000,Dirección de Gestión Ambiental municipal. Desarrolla campañas de promotores ambientales barriales,capacitaciones en escuelas del distrito y jornadas de educación ambiental articuladas con el INTA y escuelas agropecuarias.,Parque Industrial 9 de Julio con industrias metalmecánicas agrícolas,procesamiento de lácteos y fertilizantes. El control de industrias de 3ra categoría lo ejerce directamente la provincia (Ministerio de Ambiente PBA / ex OPDS). El municipio audita establecimientos de 1ra y 2da categoría y controla la zonificación industrial.,"Planta de Procesamiento y Clasificación de Residuos municipal, red de Puntos Verdes y campanas en la planta urbana. Recolección diferenciada de secos, campañas periódicas de Neumáticos Fuera de Uso (NFU) y RAEEs, y proyecto de reconversión del basural a cielo abierto hacia relleno sanitario controlado.","Parque General San Martín, lagunas del partido (La Niña, El Chajá). Plan director de arbolado público, fiscalización de podas y fomento de especies autóctonas en espacios públicos.",Ordenanza municipal reguladora de aplicación de fitosanitarios (zonas de exclusión y amortiguamiento),campañas de triple lavado y recepción de bidones fitosanitarios con CampoLimpio.,https://www.9dejulio.gob.ar/ ; https://sibom.slyt.gba.gob.ar/ ; https://www.ambiente.gba.gob.ar/,,,,,,
MUN-BA-024,Trenque Lauquen,Cuarta,50000,"Dirección de Ambiente y Desarrollo Sustentable con los programas 'Ecotrenque' y 'Trenque + Sustentable'. Pionero provincial en educación ambiental ciudadana y formación continua de promotores ambientales barriales, con más de tres décadas de trabajo en concientización puerta a puerta y talleres de compostaje domiciliario.",Sector Industrial Planificado (SIP) y polo agroindustrial. El control de 3ra categoría depende del Ministerio de Ambiente provincial (Ley 11.459),pero el municipio cuenta con un Consejo Asesor de Ambiente y Agroquímicos y un equipo técnico de monitoreo ambiental con alta capacidad local de control preventivo.,"Planta PROLIM (Procesamiento de Residuos Sólidos Urbanos) con más de 31 años de trayectoria ininterrumpida y certificada como Destino Sustentable provincial. Sistema de separación en origen consolidado (bolsas verdes/azules), Polo Ambiental Integral, compostaje industrial y reducción drástica de volumen destinado a disposición final.","Parque Municipal Conrado Villegas, complejo lagunar Las Tunas Grandes y Cuero de Zorro. Vivero forestal municipal y plan integral de arbolado urbano con censo georreferenciado.","Gestión modelo de envases de agroquímicos con CAT CampoLimpio operativo, proyectos de biodigestión/biogás con residuos orgánicos y ordenanza modelo de regulación de fitosanitarios con recetas agronómicas digitales.",https://www.trenquelauquen.gov.ar/ecotrenque/prolim/ ; https://www.trenquelauquen.gov.ar/trenquesustentable/ ; https://www.ambiente.gba.gob.ar/,,,,,,,,
MUN-BA-025,Bragado,Cuarta,47000,Dirección General de Medio Ambiente. Promueve promotores ambientales barriales,educación en escuelas del distrito y articulación con el Ministerio de Ambiente de la Provincia de Buenos Aires para la entrega de kits de huerta,composteras y flora nativa.,Parque Industrial Bragado con siderurgia pesada (Acerbrag),fábricas químicas y agroindustrias. Las industrias de 3ra categoría son fiscalizadas y monitoreadas directamente por el Ministerio de Ambiente PBA (ex OPDS); el municipio interviene en habilitaciones y control de categorías 1 y 2.,"Reactivación de la Planta Municipal de Reciclado (procesamiento y recupero de más de 30 toneladas mensuales de reciclables), marco regulatorio mediante Ordenanza GIRSU N° 5306 y declaración de emergencia ambiental para ejecutar el plan de saneamiento y cierre definitivo del basural a cielo abierto.","Parque Lacunario Laguna de Bragado (área de conservación natural, humedal y recreación), plan de arbolado público urbano y plantación de árboles nativos en plazas y avenidas.","Centro de Almacenamiento Transitorio (CAT) para envases de fitosanitarios, campañas itinerantes de RAEEs, recolección de aceite vegetal usado (AVU) y programa de reducción de plásticos de un solo uso.",https://www.bragado.gob.ar/ ; https://sibom.slyt.gba.gob.ar/bulletins/4493/contents/1511505 ; https://www.ambiente.gba.gob.ar/,,,,,,
MUN-BA-026,Pehuajó,Cuarta,46000,Secretaría de Medio Ambiente municipal. Cuenta con el cuerpo juvenil de promotores ambientales 'Ecopibes' (capacitación vecinal en barrios y localidades como Nueva Plata) y articulación permanente con la Cooperativa de Recicladores Urbanos 'Reci Pehua'.,"Parque Industrial Pehuajó, frigoríficos vacunos/porcinos y acopiadoras de granos. El control de 3ra categoría recae en el Ministerio de Ambiente PBA conforme la Ley 11.459; la Secretaría de Ambiente local supervisa la gestión de efluentes, categorizaciones 1 y 2 y habilitaciones ambientales.","Cierre histórico definitivo del basural a cielo abierto de 35 años e inauguración del Complejo Ambiental Municipal 'Papa Francisco' con planta de clasificación, compactación y celda sanitaria. Red de estaciones de reciclado en cabecera y pueblos, y recolección diferenciada domiciliaria.","Parque General San Martín, sistema de lagunas y aliviadores hídricos. Plan masivo de forestación urbana y producción de especies nativas en el vivero municipal.","Programa 'Pehuajó Sustentable', CAT de fitosanitarios con CampoLimpio, recolección de neumáticos fuera de uso para coprocesamiento y fiscalización de aplicaciones agronómicas.",https://www.pehuajo.gob.ar/ ; https://www.ambiente.gba.gob.ar/noticias/daniela_vilar ; https://www.infocielo.com/,,,,,,,,,
MUN-BA-027,Lincoln,Cuarta,46000,"Dirección de Medio Ambiente municipal. Impulsa campañas educativas escolares y cuenta con promotores de la Cooperativa de Trabajo 'Mundo Reciclado Lincoln' (integrada a la FACCyR), reconocida oficialmente como Destino Sustentable por el Ministerio de Ambiente PBA.",Parque Industrial Lincoln y fuerte entramado de agroindustrias lecheras y aceiteras. La fiscalización y control de industrias de 3ra categoría corresponde a la Provincia de Buenos Aires (Ministerio de Ambiente PBA); el municipio efectúa el control de categorías 1 y 2 y bromatología industrial.,"Planta de Separación y Recuperación de Residuos municipal, circuito de Puntos Limpios en Lincoln y delegaciones (El Triunfo, Roberts, Martínez de Hoz), recolección diferenciada y plan de mitigación y ordenamiento del basural municipal.","Parque Municipal General San Martín (predio protegido de más de 100 hectáreas con importante masa forestal y fauna), plan de arbolado urbano y arbolado de alineación pública.",Adhesión a la Red Argentina de Municipios contra el Cambio Climático (RAMCC),campañas de recepción de bidones de fitosanitarios y programas de eficiencia energética en edificios públicos.,https://www.lincoln.gob.ar/ ; https://www.ambiente.gba.gob.ar/contenido/destinos_sustentables_1 ; https://buenosaires.gob.ar/,,,,,,,,
MUN-BA-028,General Villegas,Cuarta,36000,"Dirección de Medio Ambiente con la red vecinal 'EcoComunidad'. Promueve promotores ambientales escolares y barriales, capacitaciones en compostaje y actividades de educación ecológica comunitaria en los pueblos del partido.",Parque Industrial General Villegas con presencia de molinos harineros,plantas lácteas y acopiadoras de cereales. La fiscalización de 3ra categoría corresponde a la Provincia de Buenos Aires (Ministerio de Ambiente); el municipio gestiona la radicación industrial y el control de categorías 1 y 2.,"Complejo Ambiental de General Villegas con Planta de Separación de Residuos Sólidos Urbanos, red de EcoPuntos en la ciudad y delegaciones (Banderaló, Bunge, Piedritas) y ejecución de obras para la erradicación del basural a cielo abierto y disposición en celdas técnicas.","Parque Municipal José de San Martín, sistema de lagunas del noroeste. Censo y plan de poda y reforestación de especies forestales nativas y adaptadas.","Punto de recepción permanente de RAEEs en Fasciolo 228, recolección de fitosanitarios en CAT habilitado y convenios de reciclaje de neumáticos y plásticos agrícolas.",https://villegas.gob.ar/medio-ambiente/ ; https://www.vymavillegas.com.ar/ ; https://diarioactualidad.com/,,,,,,,,
MUN-BA-029,General Viamonte,Cuarta,24000,"Dirección de Medio Ambiente. Promotores ambientales dedicados a la difusión del 'Programa Bolsa Verde' en Los Toldos y Baigorrita, talleres de educación ambiental en escuelas y cursos obligatorios de habilitación para podadores urbanos.",Sector Industrial Planificado de Los Toldos con plantas queseras,molinos y silos. La fiscalización de empresas de 3ra categoría depende exclusivamente del Ministerio de Ambiente PBA bajo la Ley 11.459; control municipal sobre categorías 1 y 2 y habilitaciones comerciales.,"Centro de Reciclaje y Complejo Ambiental de Los Toldos. Recolección diferenciada domiciliaria (Bolsa Verde los lunes por la noche), recolección programada de restos de poda por cuadrantes y programa de erradicación de microbasurales barriales.","Parque Balneario Municipal Los Toldos, Laguna La Azotea (Monumento Natural y área de reserva recreativa). Ordenanza de arbolado público y poda responsable.",Generación de energía solar fotovoltaica en edificios y dependencias municipales,recambio de luminarias LED y ordenanza de fitosanitarios con controles agronómicos.,https://www.generalviamonte.gob.ar/areas-noticias/medio-ambiente ; https://www.generalviamonte.gob.ar/programa-bolsa-verde ; https://www.diariodemocracia.com/,,,,,,,
MUN-BA-030,Carlos Casares,Cuarta,24000,Dirección de Medio Ambiente municipal. Desarrolla programas de promotores ambientales juveniles,voluntariado ecológico en colegios y capacitación comunitaria en el marco del convenio provincial de erradicación de basurales e inclusión de recicladores.,Parque Industrial Carlos Casares con fuerte radicación de semilleros,plantas de acopio y procesadoras agroindustriales. Fiscalización de 3ra categoría bajo competencia del Ministerio de Ambiente PBA (Ley 11.459); control local en habilitaciones y control de categorías 1 y 2.,Municipio adherido al programa provincial de eliminación de basurales a cielo abierto. Planta Municipal de Separación y Reciclado de Residuos,red de campanas de reciclaje y puntos limpios urbanos para secos.,"Creación del 'Parque Ambiental General San Martín' en articulación con el Ministerio de Ambiente de la Provincia de Buenos Aires (espacio de educación ambiental, flora nativa y biodiversidad). Plan de arbolado público.",Instalación de sensores de monitoreo de calidad del aire provistos por la Provincia,control de aplicaciones periurbanas de agroquímicos y CAT para envases de fitosanitarios.,https://casares.gob.ar/ ; https://casareshoy.com.ar/ ; https://www.maracodigital.net/ ; https://www.ambiente.gba.gob.ar/,,,,,
MUN-BA-031,Rivadavia,Cuarta,21000,Dirección de Ambiente y Desarrollo Sustentable. Campañas de promotores ambientales en América y delegaciones (González Moreno,Fortín Olavarría,Sansinena),talleres escolares y fomento del compostaje domiciliario.,Sector Industrial de América y agroindustrias de procesamiento cárnico y lácteo. Fiscalización de 3ra categoría centralizada en el Ministerio de Ambiente de la Provincia de Buenos Aires; fiscalización municipal sobre establecimientos de 1ra y 2da categoría.,"Planta de Tratamiento y Separación de RSU en América, esquema de recolección diferenciada por zonas y días de la semana, puntos limpios para materiales reciclables y control del basural municipal.",Vivero Municipal y Complejo Ecológico de América (predio zoológico y botánico de conservación de fauna silvestre y flora autóctona). Plan director de arbolado urbano.,Gestión y recepción de envases vacíos de agroquímicos en articulación con CampoLimpio,ordenanza sobre franjas de amortiguamiento de productos fitosanitarios.,https://munirivadavia.gob.ar/ ; https://www.rivadaviaonline.com.ar/ ; https://www.argentina.gob.ar/,,,,,
MUN-BA-032,General Arenales,Cuarta,18000,"Área de Medio Ambiente municipal con el programa 'Arenales Verde'. Promotores ambientales que realizan concientización en escuelas y centros comunitarios en las localidades de Arenales, Arribeños, Ferré y Ascensión.",Predios agroindustriales,semilleros y molinos. Fiscalización de 3ra categoría ejercida por el Ministerio de Ambiente PBA; fiscalización municipal en comercios,depósitos y establecimientos de 1ra categoría.,"Implementación del plan GIRSU distrital, red de centros de reciclado y puntos limpios en todas las localidades del distrito, transporte centralizado de reciclables y obras para la mitigación y erradicación de basurales a cielo abierto.",Laguna de Arenales y balneario municipal. Plan de protección de cortinas forestales y plantación de arbolado público.,"Jornadas itinerantes de recepción de envases de fitosanitarios con CampoLimpio, campañas de reciclado de residuos de aparatos eléctricos y electrónicos (RAEEs).",https://www.generalarenales.gob.ar/ ; https://www.diariodemocracia.com/ ; https://infonoroeste.com.ar/,,,,,,,
MUN-BA-033,Leandro N. Alem,Cuarta,18000,Dirección de Medio Ambiente y Servicios Públicos. Promotores ambientales escolares y comunitarios en Vedia,Juan B. Alberdi,Leandro N. Alem y El Dorado,con eje en la separación en origen y reciclaje.,Actividad agroindustrial (molinos harineros,acopios y frigoríficos). Control de industrias de 3ra categoría en manos del Ministerio de Ambiente de la Provincia de Buenos Aires (Ley 11.459); control ambiental local en categorías 1 y 2.,"Planta de Clasificación de RSU en la ciudad cabecera (Vedia), recolección diferenciada de residuos secos, puntos verdes en plazas y avance en el plan de remediación de basurales en las distintas localidades del partido.",Complejo Balneario Municipal de Vedia y polideportivos forestados del distrito. Plan municipal de reforestación y poda responsable.,Reactivación de la obra integral de ampliación de la Planta Depuradora de Líquidos Cloacales de Vedia (ABSA / PBA) para saneamiento de efluentes urbanos y preservación del recurso hídrico; campañas de gestión de fitosanitarios.,https://municipioalem.gob.ar/ ; https://www.gba.gob.ar/infraestructura/ ; https://cursosipfl.trabajo.gba.gob.ar/,,,,,
MUN-BA-034,Carlos Tejedor,Cuarta,15000,"Dirección de Medio Ambiente. Campañas comunitarias bajo el lema 'Cuidemos el Lugar Donde Vivimos', promotores ecológicos en Tejedor, Tres Algarrobos, Colonia Seré, Curarú y Timote, con talleres en radios locales y escuelas.",Predominio de actividad agropecuaria,feedlots intensivos y tambos. La fiscalización de 3ra categoría depende del Ministerio de Ambiente PBA; el municipio controla la radicación y manejo de efluentes en feedlots y categorías 1 y 2.,"Planta Municipal de Separación y Tratamiento de RSU, EcoPuntos distribuidos en el partido, recolección diferenciada y plan de contingencia y saneamiento del basural municipal a cielo abierto.","Parque Balneario Municipal, plan de forestación y entrega de ejemplares de árboles nativos a instituciones y frentistas.","Proyecto pionero de biodigestor para generación de biogás y biofertilizantes a partir de estiércol bovino, instalación de sensores de monitoreo de aire de la Provincia y estación agrometeorológica.",https://carlostejedor.gob.ar/ ; https://www.trenquelauquen.gov.ar/ ; https://www.maracodigital.net/,,,,,,,,
MUN-BA-035,Alberti,Cuarta,14000,"Dirección de Medio Ambiente con el programa 'ECOPLAN'. Cuerpo de promotores ambientales comunitarios y escolares capacitados en economía circular, separación de residuos y compostaje domiciliario.",Sector Industrial Planificado de Alberti con empresas agroindustriales y metalmecánicas. Fiscalización de 3ra categoría bajo competencia del Ministerio de Ambiente PBA; alta interacción municipal técnica en control y categorización 1 y 2.,"Distrito modelo provincial: erradicación y cierre definitivo del basural a cielo abierto, Planta de Clasificación GIRSU con más del 70% de recupero de reciclables, abastecida 100% con paneles de energía solar y producción de mobiliario urbano de madera plástica reciclada.","Primer Parque Ambiental de la Provincia de Buenos Aires inaugurado junto al Ministerio de Ambiente PBA en el predio del ex basural remediado (con flora nativa y circuito pedagógico), Laguna de Alberti y plan de arbolado nativo.","Parque Solar Municipal en predio recuperado, Centro de Almacenamiento Transitorio (CAT) para envases de fitosanitarios y rigurosa ordenanza de aplicación periurbana de agroquímicos.",https://alberti.gov.ar/ ; https://utopiaurbana.city/ ; https://www.semanarioextra.com.ar/ ; https://www.bragadotv.com.ar/,,,,,,,,,
MUN-BA-036,General Pinto,Cuarta,14000,Dirección de Medio Ambiente. Convenios con la Subsecretaría de Residuos Sólidos Urbanos y Economía Circular PBA para la formación de promotores ambientales comunitarios y fortalecimiento de cooperativas de recicladores.,Industrias lácteas,plantas de acopio y faena. Fiscalización de 3ra categoría a cargo de la Provincia de Buenos Aires (Ministerio de Ambiente); inspección municipal en habilitaciones,bromatología y categoría 1.,"Construcción y habilitación de la nueva Planta de Tratamiento de RSU financiada junto a la Provincia, recolección diferenciada en origen, puntos limpios y avance en el plan de cierre del basural a cielo abierto.","Parque Municipal Balneario General Pinto, lagunas del distrito y plan de mantenimiento y reposición del arbolado público.","Monitoreo sanitario y bromatológico rural intensivo, campañas de recepción de envases de fitosanitarios con CampoLimpio y recolección de pilas y RAEEs.",https://www.pinto.gob.ar/ ; https://www.diariodemocracia.com/ ; https://www.cuartopolitico.com/,,,,,,,
MUN-BA-037,Hipólito Yrigoyen,Cuarta,12000,"Dirección de Ambiente de Hipólito Yrigoyen (Henderson). Instancias de participación ciudadana y promotores ambientales comunitarios conforme a las Leyes 11.723, 25.675 y el Acuerdo de Escazú.",Acopiadoras de cereales,plantas de silos y agroindustrias. Fiscalización de 3ra categoría a cargo del Ministerio de Ambiente PBA (Ley 11.459); control municipal preventivo y de radicación de categorías 1 y 2.,"Planta Municipal de Tratamiento de RSU de Henderson, relevamiento técnico y plan de saneamiento del basural a cielo abierto junto a Provincia, estaciones de reciclado urbano y compostaje de orgánicos.","Plaza José Manuel Estrada, predio polideportivo forestado, plan de censo y arbolado público urbano.","Fiscalización de pulverizaciones agrícolas y aplicación de productos fitosanitarios, campañas de recolección de RAEEs y pilas en desuso.",https://www.hipolitoyrigoyen.gob.ar/ ; https://www.infohd.com.ar/ ; http://www.hendersonline.com.ar/,,,,,,,,
MUN-BA-038,Florentino Ameghino,Cuarta,12000,"Dirección de Ambiente municipal. Campañas de concientización y promotores escolares/vecinales bajo el lema 'Cada residuo separado en casa hace la diferencia', promoviendo la separación en secos y húmedos.",Sector agropecuario,acopiadoras y distribuidoras de agroquímicos. Fiscalización de 3ra categoría ejercida por el Ministerio de Ambiente de la Provincia de Buenos Aires; control municipal en habilitaciones comerciales y categoría 1.,"Planta de Separación y Reciclado Municipal, recolección domiciliaria diferenciada (secos los martes y jueves), despacho regular de más de 14.500 kg de reciclables compactados a la industria y plan de ordenamiento del basural.","Parque Municipal Ameghino, plan de forestación y mantenimiento del arbolado público urbano.","Instalación de sensores de monitoreo de la calidad del aire del Ministerio de Ambiente PBA, jornadas de recepción de bidones de fitosanitarios con CampoLimpio y campañas de RAEEs.",https://www.gba.gob.ar/ ; https://www.facebook.com/gobiernoameghino ; https://www.labrujulaweb.com.ar/ ; https://elojoenlinea.com.ar/,,,,,,,,
MUN-BA-001,Chascomús,Quinta,42000,Dispone de programas de Promotores Ambientales y educación ambiental comunitaria articulados con el Ministerio de Ambiente PBA y dependencias educativas locales. Se dictan talleres en escuelas primarias y secundarias,capacitaciones barriales y campañas de concientización para la separación en origen de residuos.,"La fiscalización, categorización y emisión del Certificado de Aptitud Ambiental (CAA) para industrias de 3ra categoría corresponde con exclusividad al Ministerio de Ambiente de la Provincia de Buenos Aires (Ley Provincial 11.459 y Dto. 531/19). El municipio cuenta con Parque Industrial y Sector Industrial Planificado (con empresas metalmecánicas, químicas, alimenticias y lácteas); la comuna ejerce control sobre la zonificación y uso del suelo, habilitación edilicia condicionada y monitoreo de efluentes junto a la Autoridad del Agua (ADA) y atención de denuncias vecinales.","Cuenta con el Plan Ambiental Chascomús 2020-2030. Desarrolla el proyecto del Ecoparque Ambiental Regional / Polo Productivo Ambiental orientado a la clausura técnica y remediación del histórico basural municipal a cielo abierto. Implementa circuitos de recolección diferenciada, puntos limpios y recuperación de residuos secos.",La Laguna de Chascomús y el sistema de lagunas encadenadas del Río Salado constituyen el principal ecosistema de humedal y reserva hídrica y de avifauna. Plan de arbolado urbano con producción de especies autóctonas en vivero municipal y preservación del frente ribereño.,Ordenanza municipal de aplicación de fitosanitarios con zonas de exclusión y franja de amortiguamiento periurbano; monitoreo limnológico y alerta de cianobacterias coordinado con el INTECH (CONICET-UNSAM); reconversión paulatina del alumbrado público a tecnología LED.,https://chascomus.gob.ar/ ; https://apps.chascomus.gob.ar/ppa/ ; https://participacionpublica.ambiente.gba.gob.ar/,,,,,,,,
MUN-BA-002,Rauch,Quinta,15000,Distrito de extensa trayectoria en cultura y educación ambiental. El equipo de la Dirección de Ambiente y promotores comunitarios realizan campañas de concientización continua que permiten sostener niveles de separación en origen domiciliaria superiores al 80%.,Competencia provincial indelegable a cargo del Ministerio de Ambiente PBA. Municipio netamente agropecuario; el Sector Industrial Planificado alberga emprendimientos de 1ra y 2da categoría bajo supervisión y habilitación municipal,sin radicación de industrias complejas de 3ra categoría.,"Referente provincial con la Unidad de Reciclado Rauch (URRA), operativa desde 1998, que procesa la totalidad de los residuos urbanos con clasificación de reciclables, compostaje de orgánicos y ausencia de basural a cielo abierto descontrolado. Dispone de Centro de Almacenamiento Transitorio (CAT) para envases de fitosanitarios.","Parque Municipal Juan Silva, cuenca de los arroyos Pantanoso y Chapaleofú. Plan integral de arbolado urbano y rural abastecido por vivero municipal.","Miembro activo de la Red Argentina de Municipios contra el Cambio Climático (RAMCC), proyectos de triple impacto socioambiental, ordenanza de aplicación de productos agroquímicos con obligatoriedad de receta agronómica.",http://www.rauch.mun.gba.gov.ar/web/ ; https://www.ramcc.net/,,,,,,,,
MUN-BA-039,Balcarce,Quinta,49000,Implementa el programa 'Separemos en Casa' apoyado por promotores ambientales barriales y una cooperativa de recicladores integrada por más de 20 operarios en la planta de separación y clasificación.,"Control y fiscalización de 3ra categoría dependiente del Ministerio de Ambiente PBA. Balcarce cuenta con Parque Industrial y relevantes plantas de agroindustria alimenticia (procesamiento de papa, McCain, harinas, balanceados y fertilizantes); la comuna audita radicaciones de 1ra y 2da categoría y fiscaliza vertidos junto con la ADA.",Relleno sanitario y Planta de Separación y Clasificación de Residuos operativa en Ruta 55 km 87 (recibe ~45 ton/día). Día fijo de recolección diferenciada domiciliaria (miércoles de bolsa verde) y red de puntos verdes.,"Sistema orográfico de Tandilia (Sierra La Barrosa, Sierra Chata, La Bachicha) y Laguna La Brava (reserva y paisaje protegido provincial/municipal). Plan de forestación urbana y protección de suelos serranos.",Ordenanza municipal de aplicación de fitosanitarios con distancias mínimas a escuelas rurales y zonas urbanizadas; vinculación técnica con la Estación Experimental Agropecuaria INTA Balcarce y la Facultad de Ciencias Agrarias (UNMdP).,https://balcarce.gob.ar/separemos-en-casa/ ; https://balcarce.gob.ar/,,,,,,,,,
MUN-BA-040,General Alvarado,Quinta,46000,Talleres de educación ambiental escolar,formación de promotores juveniles y campañas de concientización turística en la zona costera y balnearios de Miramar durante la temporada de verano.,Competencia a cargo del Ministerio de Ambiente PBA. Actividad productiva centrada en el turismo y la producción agrícola; el Parque Industrial y talleres locales corresponden a 1ra y 2da categoría,fiscalizados por el municipio en habilitación y salubridad.,Plan Integral GIRSU para el cierre y remediación técnica del basural a cielo abierto de Miramar y construcción de nuevo centro ambiental. Puntos limpios y recolección diferenciada en Miramar,Comandante Nicanor Otamendi y Mechongué.,"Vivero Dunícola Florentino Ameghino (reserva forestal y fijación de dunas), Reserva Natural Provincial Centinela del Mar (costa, humedales y yacimiento paleontológico), arroyo El Durazno y bosque energético.","Plan de manejo del frente costero, ordenanza de zonas de amortiguamiento para agroquímicos y preservación del patrimonio bio-paleontológico en acantilados marinos.",https://mga.gov.ar/ ; https://www.argentina.gob.ar/consulta-publica-proyecto-girsu-general-alvarado,,,,,,
MUN-BA-041,Pinamar,Quinta,41000,Área institucional de 'Pinamar Sostenible' con cuerpo de Promotores Ambientales y articulación con la Cooperativa Reciclando Conciencia (modelo de economía circular e inclusión laboral en la costa). Concientización comunitaria en paradores,colegios y vía pública.,Jurisdicción exclusiva provincial (Ministerio de Ambiente PBA). Distrito sin industrias pesadas o químicas de 3ra categoría; los controles locales se orientan a grandes generadores comerciales (gastronomía,hotelería),obras de construcción y cumplimiento del Código de Edificación y zonificación.,"Circuitos de recolección diferenciada, islas de reciclaje en playa y centros urbanos, y planta de valorización de residuos secos operada por la Cooperativa Reciclando Conciencia (producción de madera plástica y mobiliario urbano). La disposición final del remanente se realiza en el predio regional de General Madariaga (Ruta 11).","Eco-Área Médanos de Valeria del Mar (40.000 m² de dunas y lagunas interdunales protegidas por ordenanza municipal), régimen de Paisaje Protegido (Ley Provincial 12.099), Banco Forestal Municipal y vivero de nativas.","Plan de Manejo Integrado de Frente Marítimo (demolición de estructuras de hormigón en playa y construcción de paradores sustentables sobre pilotes), monitoreo continuo del acuífero costero con la UNLP y prohibición de plásticos de un solo uso.",https://pinamar.gob.ar/pinamarsostenible/ ; https://pinamar.gob.ar/recuperaytransformavaleria/ ; https://reciclandoconciencia.com.ar/,,,,,,
MUN-BA-042,Villa Gesell,Quinta,38000,Red Ambiental Querandí y promotores ambientales municipales que realizan tareas de educación y concientización vecinal en separación de reciclables,compostaje y cuidado de las dunas costeras.,Ministerio de Ambiente PBA. Distrito sin industrias pesadas de 3ra categoría; el control municipal se enfoca en establecimientos gastronómicos,hoteleros y balnearios bajo normativas de salubridad y gestión de residuos.,Planta Municipal de Separación de Residuos Sólidos Reciclables operativa. Puntos verdes barriales y campanas de reciclaje. Disposición final regional en el predio de General Madariaga (Ruta 11) bajo esquema de convenio intermunicipal.,"Reserva Natural Municipal Faro Querandí (5.753 hectáreas de cordón dunícola virgen, playa y pastizal costero), Pinar Fundacional y sistema forestal histórico de fijación de médanos.","Ordenanza de reconversión ecológica de balnearios costeros, playas libres de humo de tabaco, chipeo y reutilización de restos de poda masiva de coníferas para compost y biomasa.",http://www.gesell.gob.ar/ ; https://gesell.gob.ar/novedad/34514/,,,,,,,
MUN-BA-043,Mar Chiquita,Quinta,35000,Promotores ambientales locales y cuerpo de guardaparques de la Reserva de Biosfera; trabajo articulado con la cooperativa de recicladores 'R3 GIRSU Mar Chiquita' y talleres en escuelas de Santa Clara del Mar,Mar de Cobo y Coronel Vidal.,Control a cargo del Ministerio de Ambiente PBA. Matriz económica agrícola,ganadera y turística; control municipal circunscrito a categorizaciones de 1ra y 2da categoría (molinos,acopios y talleres) y fiscalización de efluentes hacia la cuenca de la albufera.,Recolección diferenciada y puntos limpios en localidades costeras y cabecera. Cooperativa R3 abocada al recupero de materiales reciclables y gestiones para la erradicación de basurales locales.,"Reserva Mundial de Biosfera Parque Atlántico Mar Chiquita (UNESCO 1996 - laguna costera de albufera única en el país con 26.000 ha de laguna, cordón de dunas fósiles, pastizal y mar). Ordenanza 72/2023 de visitas guiadas y canon de preservación.",Ordenanza de distancias mínimas para pulverizaciones con fitosanitarios en resguardo de poblados y escuelas; infraestructura sustentable con la primera escuela pública autosustentable del país.,https://www.marchiquita.gob.ar/ ; https://sibom.slyt.gba.gob.ar/bulletins/8963/contents/1918642,,,,,,
MUN-BA-044,Dolores,Quinta,33000,Equipo de promotores de la Subsecretaría de Medio Ambiente y del Centro Ambiental Dolores; desarrollo de programas de compostaje escolar y entrega de cestos diferenciados a instituciones locales.,Fiscalización de 3ra categoría correspondiente al Ministerio de Ambiente PBA. Posee Sector Industrial Planificado (SIP) con radicación de industrias frigoríficas,alimenticias y metalmecánica liviana (1ra y 2da categoría bajo supervisión municipal y control de vuelcos con ADA).,"Centro Ambiental Dolores activo (planta de clasificación, separación y enfardado de reciclables para venta industrial), Puntos Móviles de recepción y recolección diferenciada obligatoria en comercios y locales gastronómicos.",Parque Libres del Sur,Paseo de la Ribera del Canal 1 y cuenca del Río Salado; plan municipal de forestación urbana y arbolado de alineación.,"Agenda Estratégica 'Dolores hacia el futuro', programa de fabricación de composteras en articulación con el Servicio Penitenciario Bonaerense (Unidad 6), control de canales y mitigación de anegamientos.",https://dolores.gob.ar/ ; https://dolores.gob.ar/centro-ambiental/,,,,,,,
MUN-BA-045,Las Flores,Quinta,28000,Capacitación y despliegue de promotores ambientales comunitarios en coordinación con el Ministerio de Ambiente PBA; programas de educación ecológica en escuelas y difusión de buenas prácticas de separación.,Fiscalización de 3ra categoría bajo el Ministerio de Ambiente PBA. Cuenta con Parque Industrial Las Flores (radicación de textiles,calzado,agropartes y alimentos). Las industrias de 1ra y 2da categoría son fiscalizadas localmente en habilitación comercial y normas de seguridad e higiene.,Planta Municipal de Tratamiento y Separación de Residuos Sólidos Urbanos operativa. Red de Puntos Limpios Barriales,entrega de equipamiento y bolsones de recolección diferenciada provistos por la provincia.,"Parque Plaza Montero y Laguna del Difunto Manuel (reserva natural recreativa y humedal de avifauna), invernáculo municipal para producción de especies nativas de forestación urbana.",Ordenanza de regulación de fitosanitarios y agroquímicos con recetas agronómicas digitales obligatorias; recambio progresivo de luminarias a tecnología LED y kit de gestión de riesgo climático.,https://lasflores.gob.ar/ ; https://www.ambiente.gba.gob.ar/,,,,,,
MUN-BA-046,San Miguel del Monte,Quinta,25000,Acciones de concientización y educación ambiental vecinal promovidas por la Dirección de Medio Ambiente y colectivos comunitarios para el cuidado de los espejos de agua y reducción de residuos plásticos.,Competencia provincial exclusiva (Ministerio de Ambiente PBA). Parque Industrial y actividad avícola/frigorífica regional; el municipio audita habilitaciones de 1ra y 2da categoría y supervisa descargas hacia la cuenca lacustre.,Construcción de nave industrial (1.000 m²) para la Planta de Tratamiento de Residuos Sólidos Urbanos orientada a sanear y clausurar el basural a cielo abierto histórico. Ordenanza de grandes generadores para separación obligatoria en origen.,Laguna de San Miguel del Monte y Laguna Las Perdices (humedales y espejos de agua de alto valor ecológico y turístico). Plan de protección del arbolado de ribera.,Monitoreo de cianobacterias y calidad del agua en lagunas; ordenanza de ordenamiento territorial para protección de planicies de inundación de la cuenca del Salado.,https://monte.gob.ar/ ; https://monte.gob.ar/comenzamos-la-construccion-de-la-planta-de-tratamiento-de-residuos/,,,,,,,,,
MUN-BA-047,General Madariaga,Quinta,24000,"Programas de concientización comunitaria a través de la Dirección de Medio Ambiente municipal, con eje en compostaje domiciliario y separación de residuos secos en escuelas y comercios.",Competencia de 3ra categoría a cargo de la Provincia de Buenos Aires. El municipio posee Parque Industrial y aserraderos/agroalimentos (1ra y 2da categoría bajo supervisión municipal de habilitación y zonificación).,Planta de reciclaje municipal en planta urbana. Expropiación ratificada judicialmente del predio del basural regional de 98 ha en Ruta 11 para su reconversión en Centro Ambiental Regional junto a Pinamar y Villa Gesell.,"Reserva Natural Laguna Salada Grande (5.500 ha de humedal y avifauna), Laguna Los Horcones y bosque nativo del Talar de Madariaga (talares bonaerenses protegidos).",Ordenanza de regulación y control de agroquímicos y fitosanitarios con zonas de exclusión periurbana; programas de conservación del bosque nativo de tala.,https://www.madariaga.gob.ar/ ; https://www.madariaga.gob.ar/noticias/31889/,,,,,,,,,
MUN-BA-048,Ayacucho,Quinta,23000,Promotores ambientales escolares y juveniles en articulación con el Centro de Educación Agraria (CEA N° 12),escuelas técnicas y organizaciones civiles locales para talleres de reciclado y reutilización.,Ministerio de Ambiente PBA. Cuenta con Sector Industrial Planificado donde opera la primera planta de reciclaje integral de baterías en desuso y fundición de plomo del país (Mateo Hermanos S.A.),monitoreada estrictamente por provincia y municipio por manejo de plomo y ácido sulfúrico.,Planta de Clasificación y Transferencia de Residuos en marcha (con salón de usos múltiples construido con maderas y materiales 100% reutilizados),Puntos Verdes y recolección diferenciada.,Arroyo Tandileofú,arbolado urbano y producción forestal en vivero municipal en convenio con CEFIC para especies autóctonas.,Centro de Almacenamiento Transitorio (CAT) para envases de fitosanitarios (Ley 27.279),ordenanza de agroquímicos y proyectos de energía solar en espacios públicos educativos.,https://www.ayacucho.gob.ar/ ; https://laquintadigital.com.ar/nota/6187/,,,,
MUN-BA-049,General Belgrano,Quinta,21000,Campañas barriales y comerciales coordinadas por la Secretaría de Desarrollo Local y Energías Renovables,capacitando sobre puntos verdes y separación de reciclables.,A cargo del Ministerio de Ambiente PBA. Sector Industrial Planificado enfocado en agroindustrias lácteas y alimenticias (1ra y 2da categoría bajo fiscalización municipal y control de vuelcos al Río Salado con ADA).,Proyecto técnico de reconversión del basural a cielo abierto histórico de 17 ha en un Ecoparque Ambiental. Cooperativa 'Los Tordos' opera en la recuperación de materiales en Puntos Verdes; Ordenanza 021/2021 obliga a grandes generadores a contar con contenedores diferenciados.,Bosque Encantado en Paraje Villanueva (reserva botánica y parque de más de 40 ha con árboles centenarios de valor patrimonial),ribera y balnearios del Río Salado.,Plan municipal de energías renovables y eficiencia energética,ordenanza de regulación de fitosanitarios y protección de la cuenca hídrica del Salado.,https://generalbelgrano.gob.ar/ ; https://sibom.slyt.gba.gob.ar/bulletins/5369/contents/1573268,,,,,,
MUN-BA-050,Lobería,Quinta,19000,"Promotores ambientales comunitarios; campañas 'Jueves Verdes', ecobotellas y talleres de reciclado articulados con el Taller Protegido de Lobería y escuelas.",Jurisdicción del Ministerio de Ambiente PBA. Parque Industrial y empresas agroindustriales (acopios,molinos,balanceados de 1ra y 2da cat.); el municipio supervisa habilitaciones y zonificaciones industriales.,Planta Municipal de Separación de Residuos inaugurada en 2022. Nueva ordenanza municipal para reducir la generación de basura (>8.000 ton/año),aumentar la recolección diferenciada y potenciar la economía circular.,Paisaje Protegido Arenas Verdes (costa agreste y dunas),Sistema serrano de Lobería y Parque Municipal Narciso del Valle.,Centro de Almacenamiento Transitorio (CAT) para envases fitosanitarios de CampoLimpio,ordenanza de control de fumigaciones y derivación de aceites vegetales usados.,https://www.loberia.gov.ar/ ; https://nden.com.ar/nota/31377/,,,,
MUN-BA-051,General Paz,Quinta,15000,Proyectos escolares ambientales ('Separadores' y 'Patrulla Ambiental') con recolección diferenciada comunitaria y jornadas de educación ecológica coordinadas por el municipio.,Ministerio de Ambiente PBA. Distrito predominantemente agrícola,tambero y ganadero; industrias de 1ra y 2da categoría con fiscalización de habilitación municipal y bromatología.,Integrado en la microrregión del anteproyecto del Ecoparque Ambiental Regional de la Cuenca del Salado para el cierre de vertederos a cielo abierto. Circuitos de puntos limpios y recolección diferenciada en Ranchos y Loma Verde.,Laguna de Ranchos (humedal central y reserva de avifauna),arbolado de espacios públicos y arroyo El Siasgo.,Ordenanza de resguardo para aplicaciones de fitosanitarios; proyectos escolares de valorización de residuos orgánicos para generación de biogás con plantas regionales.,https://generalpaz.gob.ar/ ; https://www.hcdgeneralpaz.gob.ar/,,,,,,,
MUN-BA-052,Maipú,Quinta,12000,Promoción de educación ambiental en escuelas rurales y urbanas,talleres de compostaje y reciclaje de plásticos a cargo de la Dirección de Ambiente.,Control a cargo del Ministerio de Ambiente PBA. Perfil agrícola-ganadero sin industrias de 3ra categoría; el municipio fiscaliza comercios,frigoríficos locales y plantas de acopio de 1ra y 2da categoría.,Planta de Clasificación y Separación de Residuos Urbanos. Recolección diferenciada y puntos limpios en Maipú,Las Armas y Santo Domingo.,Laguna Kakel Huincul (reserva natural integral y humedal de 2.000 ha de gran valor biológico y avifauna),arbolado de plazas y paseos públicos.,Ordenanza de regulación de agroquímicos con recetas agronómicas obligatorias para pulverizaciones periurbanas y campañas de recolección de bidones vacíos con CampoLimpio.,https://maipu.gob.ar/ ; https://sibom.slyt.gba.gob.ar/,,,,,
MUN-BA-053,Castelli,Quinta,10000,Programa 'Castelli Recicla' con promotores ambientales que asesoran en separación domiciliaria de residuos y concientización comunitaria en clubes e instituciones.,Min. Ambiente PBA. Sector Industrial Planificado orientado a lácteos y alimentos (1ra y 2da cat.); el municipio ejerce poder de policía y habilitación local,sin industrias de 3ra categoría radicadas.,Planta Municipal de Tratamiento y Separación de Residuos GIRSU activa y destacada en la región (>200.000 kg de materiales reciclados recuperados por año: cartón,vidrio,PET,chatarra). Control estricto de vertidos.,Laguna La Rosita (reserva natural urbana y humedal protegido),ribera del Río Salado; plan municipal de forestación con especies nativas.,Participación en el proyecto de saneamiento y Ecoparque Regional Cuenca del Salado; ordenanza de fitosanitarios y fomento de huertas agroecológicas comunitarias.,https://castelli.gob.ar/ ; https://recicladores.com.ar/planta-de-separacion-y-recuperacion-de-residuos-girsu/,,,,
MUN-BA-054,San Cayetano,Quinta,10000,Programa 'Basura Cero - Medio Ambiente San Cayetano' con promotores ambientales,visitas guiadas educativas a la planta de residuos y campañas permanentes de separación en origen.,Ministerio de Ambiente PBA. Distrito agrícola con Parque Industrial para agroservicios y metalmecánica ligera (1ra y 2da categoría fiscalizadas por la comuna).,Planta de Tratamiento de Residuos Sólidos Urbanos municipal consolidada (separación de origen,prensado de fardos,reciclado de bidones plásticos y vidrio). Puntos limpios en planta urbana y Balneario San Cayetano.,Balneario San Cayetano (reserva dunícola y pinar costero),lagunas La Salada y El Albardón; vivero municipal y plan de arbolado público.,Ordenanza de regulación y control de agroquímicos con fiscalización de franja de amortiguamiento periurbano; recolección diferenciada obligatoria en eventos masivos y grandes generadores.,https://sancayetano.gob.ar/ ; https://www.facebook.com/p/Basura-Cero-Medio-Ambiente-San-Cayetano-100069209919945/,,,,,
MUN-BA-055,Lezama,Quinta,6300,Campañas escolares y comunitarias organizadas por la Dirección de Producción y Medio Ambiente para concientizar sobre el uso de las Islas Ecológicas Inteligentes de reciclado.,Min. Ambiente PBA. No cuenta con industrias de 3ra categoría; controles locales centrados en estaciones de servicio,talleres,cooperativas agrícolas y tambos de 1ra y 2da categoría.,Red de Islas Ecológicas inteligentes para recepción diferenciada de residuos secos (papel,cartón,plástico,vidrio). Articulación con iniciativas regionales para erradicar basurales clandestinos.,Sistema de Lagunas Encadenadas (Laguna Las Barrancas,Laguna Tablillas) y ribera del Río Salado; protección de humedales pampeanos y fauna autóctona.,Ordenanza de regulación de aplicaciones de agroquímicos y fitosanitarios periurbanos; prevención y control de quemas en pastizales de la cuenca baja del Salado.,https://www.lezama.gob.ar/ ; https://sibom.slyt.gba.gob.ar/,,,
MUN-BA-056,General Lavalle,Quinta,5000,Educación ambiental focalizada en la preservación del Venado de las Pampas y los humedales de Bahía de Samborombón en escuelas primarias y secundarias.,Min. Ambiente PBA. No cuenta con industrias de 3ra categoría; actividad ganadera,portuaria de ría y pesquera artesanal controlada por normativa municipal y provincial.,Acciones para la erradicación y remediación del histórico basural en Paraje Pavón (utilizado históricamente para vertido de residuos de municipios costeros vecinos),con denuncias e intervención del Ministerio de Ambiente de Nación y Provincia para preservar la zona de humedales.,Parque Nacional Campos del Tuyú (refugio emblemático del Venado de las Pampas),Sitio RAMSAR Bahía de Samborombón y Reserva Natural Provincial Rincón de Ajó (humedales y cangrejales de máxima protección internacional).,Defensa activa del humedal costero internacional,ordenanzas de conservación de pastizales halófilos y manejo de rías.,https://www.generallavalle.gob.ar/ ; https://www.parquesnacionales.gob.ar/area-protegida/parque-nacional-campos-del-tuyu/,,,,,
MUN-BA-057,Pila,Quinta,4800,Promotores ambientales locales y talleres de verano con escuelas y centros juveniles para promover la separación en origen y el cuidado de los recursos hídricos.,Min. Ambiente PBA. Distrito agroganadero de cuenca baja sin industrias de 3ra categoría; inspección municipal de frigoríficos locales y agroservicios de 1ra y 2da categoría.,Puntos Verdes barriales y separación de residuos. Integrado al proyecto de GIRSU Regional de la Cuenca del Salado para el cierre de vertederos a cielo abierto locales.,Laguna Camarón Grande (Plan Medioambiental de recuperación y protección ecológica),Cuenca del Río Salado y humedales de pastizal inundable.,Plan de saneamiento de lagunas locales,ordenanza de regulación de pulverizaciones agrícolas con fitosanitarios y protección de cursos de agua superficiales.,https://pila.gob.ar/ ; https://laquintadigital.com.ar/,,,,,,,
MUN-BA-058,General Guido,Quinta,3200,Jornadas de educación ambiental escolar y comunitaria en articulación con el Ministerio de Ambiente PBA para fomento de huertas,compostaje y separación de reciclables.,Min. Ambiente PBA. Municipio netamente rural y ganadero sin establecimientos de 3ra categoría; fiscalización municipal en comercios y tambos.,Planta de Reciclaje y Separación de Residuos Sólidos Urbanos en General Guido y Labardén. Campañas de ecocanje y recolección diferenciada.,Humedales de la Cuenca del Salado y canales aliviadores; plan de conservación del arbolado público.,Fomento de la producción agroecológica familiar y ordenanza de fitosanitarios.,https://generalguido.gob.ar/ ; https://sibom.slyt.gba.gob.ar/,,,,,,,,
MUN-BA-059,Tordillo,Quinta,2600,Promotores ambientales juveniles y comunitarios en General Conesa; talleres sobre cuidado de flora y fauna en escuelas primarias y secundarias.,Min. Ambiente PBA. Perfil ganadero extensivo sin industrias de 3ra categoría; fiscalización municipal en servicios básicos y comercios.,Puntos Limpios en General Conesa y recolección selectiva de reciclables. Plan de manejo y ordenamiento del vertedero municipal.,Reserva Natural Integral Bahía de Samborombón (sector costero norte del partido sobre la Bahía),pastizales salinos y talares relictuales.,Planes de contingencia hídrica y saneamiento de cuenca del Salado,ordenanzas de control fitosanitario y protección de zonas de reserva biológica costera.,https://tordillo.gob.ar/ ; https://www.treslineas.com.ar/,,,,,,,
MUN-BA-060,Coronel Rosales,Sexta,68000,Implementación de programas de educación y concientización ambiental a través de la Unidad de Gestión Ambiental Municipal (UGAM). Se articulan capacitaciones en instituciones educativas,jornadas de limpieza comunitaria en playas de Pehuen Có y articulación con el programa provincial de promotores ambientales para la separación en origen.,"Presencia estratégica del complejo hidrocarburífero y portuario (Puerto Rosales / terminal Oiltanking Ebytem) e industrias de servicios navales. Por Ley Provincial 11.459 y Dto. 531/19, la fiscalización de industrias de 3ra categoría corresponde con exclusividad al Ministerio de Ambiente de la Provincia de Buenos Aires (ex OPDS), con intervención municipal de la UGAM en la recepción de denuncias vecinales, monitoreo de ruidos y olores, y control de establecimientos de 1ra y 2da categoría.",Ordenanza Municipal Nº 3512 de Gestión Integral de Residuos Sólidos Urbanos (GIRSU). Cuenta con puntos limpios distribuidos en Punta Alta y la villa balnearia Pehuen Có,recolección diferenciada y proyectos de saneamiento y mitigación de impacto en el predio de disposición final municipal.,"Destaca la Reserva Natural Provincial Pehuen Có - Monte Hermoso (yacimiento paleoicnológico con huellas fósiles únicas en el mundo), la Reserva Natural de la Defensa Baterías - Charles Darwin y la zona insular del estuario de la Bahía Blanca. Cuenta con plan de mantenimiento y reposición de arbolado urbano en Punta Alta.",Plan de recambio de luminarias públicas a tecnología LED para eficiencia energética,monitoreo de calidad de aguas costeras y control de efluentes hidrocarburíferos en el área portuaria.,https://hcdrosales.gob.ar/wp-content/uploads/2021/09/3512-Gestion-integral-residuos-solidos-urbanos.pdf ; https://www.ambiente.gba.gob.ar/,,,,,,
MUN-BA-061,Tres Arroyos,Sexta,64000,Estructura institucional liderada por la Secretaría de Gestión Ambiental. Cuenta con un inventario participativo de educación ambiental con la Provincia,red de promotores ambientales escolares y barriales,y talleres de compostaje y reciclado con cooperativas y clubes locales.,Cuenta con un consolidado Parque Industrial de Tres Arroyos (PITA) con molinos harineros,plantas aceiteras,metalmecánica y agroindustria pesada. El control de las industrias de 3ra categoría está centralizado en el Ministerio de Ambiente de la PBA; la Secretaría de Gestión Ambiental municipal fiscaliza radicaciones de 1ra y 2da categoría y supervisa vuelcos industriales al colector general.,Planta de Separación y Tratamiento de Residuos Sólidos Urbanos en la cabecera distrital y plantas satélites en las localidades costeras (Claromecó,Reta y Balneario Orense). Red extensa de Puntos Verdes y recolección diferenciada domiciliaria periódica.,Estación Forestal Ingeniero Paolucci (Vivero de Claromecó),reserva dunícola costera de protección de médanos vivos y cuenca del Arroyo Claromecó. Plan integral de arbolado público y reforestación comunitaria.,"Campañas de recolección de RAEE (residuos electrónicos) y neumáticos fuera de uso (NFU), ordenanza regulatoria para la aplicación de fitosanitarios y zonas de exclusión periurbana.",https://informacionpublica.ambiente.gba.gob.ar/inventario-participativo/verProyecto/189 ; https://www.tresarroyos.gov.ar/,,,
MUN-BA-062,Coronel Suárez,Sexta,43000,Subdirección de Ambiente (dependiente de la Secretaría de Producción). Programa activo de Jóvenes Promotores Ambientales,recorridas puerta a puerta en los barrios,capacitaciones en escuelas y colonias alemanas,y visitas guiadas a la Planta de Reciclado.,"Parque Industrial y plantas agroindustriales, calzado (Dass) y frigoríficos. La fiscalización de establecimientos de 3ra categoría compete al Ministerio de Ambiente PBA; el municipio audita categorías 1 y 2, monitoreando el correcto tratamiento de efluentes líquidos y emisión de olores.","Planta Municipal de Reciclado (Av. Alfonsina Storni). Sistema de recolección diferenciada en origen (residuos secos y húmedos), red de Puntos Limpios en Coronel Suárez, Huanguelén y Pueblos Alemanes (San José, Santa María y Santa Trinidad), complementado con jornadas regulares de Eco Canje.","Cuenca hídrica del arroyo Sauce Corto, cercanías al sistema serrano de Ventania, vivero municipal y plan de conservación del arbolado público urbano.","Adhesión a la Red Argentina de Municipios frente al Cambio Climático (RAMCC), Plan Local de Acción Climática (PLAC), gestión de envases vacíos de agroquímicos a través del CAT CampoLimpio local.",https://www.coronelsuarez.gob.ar/ambiente/ ; https://www.coronelsuarez.gob.ar/medio-ambiente/,,,,,,
MUN-BA-063,Patagones,Sexta,39000,Articulación institucional con el Consorcio Intermunicipal GIRSU Patagónico. Equipos de promotores ambientales que intervienen en escuelas primarias,secundarias y juntas vecinales para promover la separación comunitaria en origen y el consumo responsable.,"Actividad agroganadera, salinera, molinera y pesquera. Los establecimientos de 3ra categoría son fiscalizados directamente por el Ministerio de Ambiente de la Provincia; la Subsecretaría de Servicios Urbanos local gestiona los certificados de aptitud ambiental de 1ra y 2da categoría.","Centro Ambiental Patagónico GIRSU (consorcio modelo interprovincial integrado por Viedma, Patagones y San Javier). Dispone de planta de transferencia, separación y relleno sanitario moderno con geomembrana impermeabilizada, cerrando basurales a cielo abierto históricos.","Reserva Natural de Usos Múltiples Bahía San Blas (reconocida internacionalmente por su biodiversidad marina y avifauna), estuario del Río Negro y Reserva Los Pocitos. Plan de manejo costero y protección de la flora nativa del monte espinal patagónico.","Planes de mitigación frente a la desertificación, gestión diferenciada de residuos de la actividad pesquera artesanal y defensa costera contra la erosión fluvial y marítima.",https://www.ramcc.net/noticia.php?id=2016 ; https://girsu.rionegro.gov.ar/,,,,,,,,
MUN-BA-064,Villarino,Sexta,34000,Agencia de Energías Renovables y Ambiente (AERA Villarino) y Dirección de Ambiente. Red comunitaria de promotores ambientales que despliegan jornadas de Eco Canje en Médanos,Pedro Luro,Mayor Buratovich,Hilario Ascasubi y Algarrobo.,"Fuerte actividad agroindustrial (producción y empaque de cebolla, frigoríficos, agroquímicos). Las empresas de 3ra categoría están bajo control exclusivo de la cartera ambiental bonaerense; el municipio fiscaliza acopios y secaderos de 1ra y 2da categoría.","Plantas de Tratamiento y Separación de Residuos en Médanos y Pedro Luro. Cuenta con una destacada Planta Municipal de Compostaje (referente en el sudoeste) que procesa residuos orgánicos para el Vivero Forestal Argerich, complementado con red de Puntos Limpios.","Reserva Natural Provincial de Vida Silvestre Laguna Chasicó (cuerpo de agua hipersalino protegido), Salina La Colorada Chica y Parque Termal/Forestal Argerich (vivero de especies adaptadas a zonas semiáridas).","Polo de desarrollo eólico (Parque Eólico Villarino / La Castellana), programas de bioinsumos y fomento de buenas prácticas agrícolas en el Valle Bonaerense del Río Colorado (CORFO).",https://villarino.gob.ar/ ; https://www.ambiente.gba.gob.ar/,,,,,,
MUN-BA-065,Coronel Pringles,Sexta,26000,Área de Medio Ambiente municipal en el marco del programa 'Pringles Recicla'. Promotores escolares y vecinales encargados de la difusión de la separación obligatoria de residuos secos y húmedos.,"Sector Industrial Planificado (SIP) con agroindustrias molineras, lácteas y acopiadoras. Las industrias de 3ra categoría son inspeccionadas por el Ministerio de Ambiente de la Provincia; la comuna interviene en el otorgamiento de habilitaciones de 1ra y 2da categoría.",Ordenanza Municipal Nº 4.852. Planta Municipal de Reciclado en funcionamiento continuo y nueva Estación de Transferencia de Residuos. Sistema de recolección diferenciada y venta periódica de fardos de plástico,cartón y metales.,Balneario Municipal sobre el arroyo Pillahuincó,arbolado de alineación urbana y proyectos de cortinas forestales de amortiguamiento agropecuario con especies nativas.,Centro de Almacenamiento Transitorio (CAT) para envases fitosanitarios vacíos con CampoLimpio,control de efluentes en tambos y ordenanza sobre distancias de fumigación.,https://www.hcdcoronelpringles.gob.ar/ordenanzas/ordenanza-no-4-852-2/ ; https://www.coronelpringles.gov.ar/?q=areas-noticias/medio-ambiente,,,,,,
MUN-BA-066,Benito Juárez,Sexta,24000,Dirección de Medio Ambiente municipal. Incorporación de promotoras ambientales comunitarias en conjunto con el Ministerio de Ambiente de la PBA para el censo e inclusión de recuperadores urbanos y sensibilización barrial.,Parque Industrial y polo minero/cementero de Barker y Villa Cacique (Loma Negra). La fiscalización de 3ra categoría y minería corresponde a la Provincia de Buenos Aires (Ministerio de Ambiente y Dirección de Minería); el municipio controla habilitaciones de baja y media complejidad.,Saneamiento y clausura definitiva del basural a cielo abierto histórico. Puesta en marcha del nuevo Complejo Ambiental con celda sanitaria impermeabilizada y Planta de Separación de Residuos Sólidos Urbanos.,"Sierras de Barker y Villa Cacique (sistema de Tandilia, conservación de pastizal serrano), Parque Taglioretti y Laguna San Antonio. Programas de arbolado público urbano y rural.","Reconversión productiva sustentable en Barker, remediación de canteras, gestión de envases de agroquímicos y producción de compost orgánico municipal.",https://www.ambiente.gba.gob.ar/noticias/axel_recorre_saneamiento_ambiental_benito_juarez ; https://benitojuarez.gov.ar/,,,,,,,,,
MUN-BA-067,Saavedra (Pigüé),Sexta,24000,Área de Medio Ambiente y Servicios Públicos. Programas de educación ambiental en escuelas técnicas y primarias,concientización sobre uso eficiente del agua y separación en origen en Pigüé,Saavedra,Espartillar,Goyena y Dufaur.,Sector Industrial Planificado Pigüé (textiles,calzado,agroindustrias y aceites). Establecimientos de 3ra categoría fiscalizados por la autoridad ambiental provincial; el municipio fiscaliza categorías 1 y 2 y supervisa los efluentes volcados a la red cloacal.,Planta de Clasificación y Reciclado de Residuos en Pigüé y centros de transferencia en localidades del interior distrital. Red de contenedores diferenciados para reciclables y comercialización de materiales recuperados.,"Abra del Hinojo, cordones serranos de Curamalal y Ventania, y Parque Municipal San Martín (Pigüé). Mantenimiento del arbolado público y fomento de especies autóctonas.","Obras de optimización y monitoreo de la Planta Depuradora de Líquidos Cloacales de Pigüé, ordenanzas de fitosanitarios y protección de cuencas de arroyos serranos.",https://hcd.saavedra.gob.ar/proyectos_de_comunic/planta-depuradora-de-pigue/ ; https://saavedra.gob.ar/,,,
MUN-BA-068,Adolfo Alsina,Sexta,19000,Dirección de Ambiente y Desarrollo Sustentable. Cuerpo de promotores ambientales juveniles,instalación de Eco Puntos en patios escolares y talleres comunitarios de compostaje y huerta.,"Agroindustrias (molinos, lácteos), plantas de extracción de sal y servicios termales. Fiscalización de 3ra categoría centralizada en el Ministerio de Ambiente bonaerense; control municipal sobre categorías 1 y 2 con especial atención al vertido a la cuenca endorreica.","Planta de Clasificación y Tratamiento de Residuos Sólidos Urbanos en Carhué y centros de transferencia en Rivera, Villa Maza, San Miguel Arcángel y Gascón. Red de Eco Puntos urbanos y tratamiento de la fracción orgánica.","Reserva Natural y Turística Laguna Epecuén (sitio de alta relevancia ecológica y biogeográfica para aves migratorias como flamencos australes), ruinas de Villa Epecuén y relictos del Caldenal pampeano.","Turismo sustentable y eventos de bajo impacto ambiental ('Vuelta al Lago Epecuén'), ordenanza de preservación del arbolado público y gestión de envases de agroquímicos con CAT.",https://www.adolfoalsina.gov.ar/transparencia/datos-abiertos-direccion-ambiente-desarrollo-sustentable/ ; https://www.adolfoalsina.gov.ar/areas/ambiente/,,,,,,,,
MUN-BA-069,Daireaux,Sexta,19000,Área de Ambiente y Producción. Campañas barriales informativas de separación en origen,difusión de cronogramas de recolección selectiva y talleres de concientización ambiental en escuelas primarias.,"Predominio de acopios cerealeros, plantas de silos, agroquímicos y frigoríficos. Las empresas de 3ra categoría son fiscalizadas por el Ministerio de Ambiente de la Provincia; la comuna inspecciona establecimientos de 1ra y 2da categoría y sanidad ambiental.",Planta Municipal de Reciclado de Residuos con turnos diferenciados de recolección de materiales secos. Puntos limpios y venta periódica de fardos de plástico PET,cartón y vidrio.,"Laguna La Larga, Parque Ingeniero Hermitte y arbolado público de alineación en Daireaux, Salazar y Arboledas.",Inauguración y operación del Centro de Almacenamiento Transitorio (CAT) de CampoLimpio para el recupero de envases vacíos de fitosanitarios con técnica de triple lavado.,https://daireaux.gob.ar/el-area-de-ambiente-de-la-municipalidad-de-daireaux-informa-recorrido-de-reciclado/ ; https://www.campolimpio.org.ar/2025/04/se-inauguro-un-nuevo-centro-de-almacenamiento-transitorio-en-daireaux/,,,,,,,
MUN-BA-070,Puán,Sexta,18000,Dirección de Ambiente. Articulación con el INTA en capacitaciones ambientales a productores y vecinos,promotores ecológicos escolares y talleres de agricultura familiar sustentable.,"Sector agrícola, cerealeras, malterías (Maltería Pampa en la región) y agroindustrias. Fiscalización de 3ra categoría a cargo de la Provincia de Buenos Aires; el municipio fiscaliza categorías 1 y 2 y comercios locales.","Plantas de Separación y Clasificación de Residuos en Puan y 17 de Agosto (recuperando más de 45 toneladas mensuales de reciclables en el distrito). Puntos limpios en Darregueira, Bordenave, Felipe Solá y San Germán.","Reserva Natural y Cultural Isla de Puan (declarada de alto valor botánico, geológico y arqueológico en la Laguna de Puan), cerros circundantes y Vivero Forestal de Darregueira.","Protección de cuencas lacustres, ordenanza de regulación de fitosanitarios, gestión de residuos pecuarios y promoción de la agricultura familiar agroecológica.",https://puan.gob.ar/ ; https://www.redalyc.org/pdf/276/27611105.pdf,,,,,,,,
MUN-BA-071,Coronel Dorrego,Sexta,17000,"Secretaría de Ambiente, Obras y Servicios Públicos. Programa 'Tu Manzana Recicla' con promotores barriales, capacitaciones en clubes y centros comunitarios, y visitas educativas a la planta de residuos.","Polo nacional de producción olivícola (aceiteras, almazaras), molinos y frigorífico de Oriente. Fiscalización de 3ra categoría en manos del Ministerio de Ambiente PBA; la comuna fiscaliza establecimientos de 1ra y 2da categoría y supervisa la disposición del alperujo y efluentes agroindustriales.","Planta de Separación y Tratamiento de Residuos 'Plaseres' (con envíos periódicos de más de 15 toneladas de material reciclable). Red de Puntos Limpios en Coronel Dorrego, Oriente, El Perdido y Balneario Marisol.","Cuenca y desembocadura del Río Quequén Salado (cascadas Cifuentes y Mulpunleufú), dunas costeras de Marisol y Vivero Forestal Municipal. Plan integral de arbolado urbano.","Campañas de recolección de RAEE, producción olivícola sustentable, regulación de aplicaciones periurbanas de agroquímicos y monitoreo del recurso hídrico.",https://dorrego.gob.ar/ ; https://hcddorrego.gob.ar/,,,,,,,,,
MUN-BA-072,Tornquist,Sexta,16000,Subsecretaría de Ambiente y Desarrollo Sostenible. Programa de promotores ambientales comunitarios y turísticos en la Comarca Serrana,talleres de separación en origen en escuelas y campañas en temporada alta.,"Perfil orientado a servicios turísticos, hotelería, ganadería y agroindustria liviana. 3ra categoría controlada por la Provincia de Buenos Aires; estricto control municipal de zonificación, impacto ambiental de emprendimientos turísticos y ordenamiento territorial serrano.","Galpón y Planta de Reciclado de Tornquist, puntos limpios y recolección diferenciada en Tornquist, Sierra de la Ventana, Villa Ventana, Saldungaray y Chasicó.","Parque Provincial Ernesto Tornquist (Reserva Natural Integral de más de 6.700 hectáreas, hogar del Monumento Natural Iguana de Cobre, pastizal serrano y cabecera de cuencas hídricas), Reserva Natural Sierras Grandes.","Planes de prevención y combate de incendios forestales y serranos, desarrollo de parques eólicos en el distrito y ordenanza de protección paisajística y biológica.",https://tornquist.gob.ar/subsecretaria-de-ambiente-y-desarrollo-sostenible ; https://www.ambiente.gba.gob.ar/anp/parque_provincial_ernesto_tornquist,,,,,,,,
MUN-BA-073,Gonzales Chaves,Sexta,14000,Área de Medio Ambiente y Servicios Públicos. Campañas de concientización y educación ambiental escolar,jornadas vecinales sobre clasificación de residuos y difusión en redes oficiales.,Actividad agrícola-ganadera y acopios de cereal. 3ra categoría bajo control directo del Ministerio de Ambiente provincial; fiscalización municipal en comercios e industrias de 1ra y 2da categoría.,Planta Municipal de Reciclado de Residuos (con obras recientes de drenaje y mejora operativa). Puntos limpios en Chaves,De la Garma,Juan Eulogio Barra y Vásquez.,Parque Tantanakuy,lagunas del partido y plan de forestación y mantenimiento del arbolado público.,"Campañas de recolección de bidones de fitosanitarios con CampoLimpio, gestión de neumáticos fuera de uso y ordenanza de regulación de agroquímicos.",https://gonzaleschaves.gob.ar/mejoras-en-la-zona-de-la-planta-de-reciclado/ ; https://chavesdigital.com.ar/gonzales-chaves-acordo-la-provincia-tratar-los-residuos/,,,,,
MUN-BA-074,Guaminí,Sexta,13000,"Dirección de Ambiente y Desarrollo Sustentable. Municipio pionero en agroecología comunitaria y miembro fundador de RENAMA (Red Nacional de Municipios Agroecológicos), promotores ambientales rurales y talleres de producción sana de alimentos.",Agroindustrias,cooperativas agropecuarias y frigoríficos. Fiscalización de 3ra categoría a cargo de la Provincia de Buenos Aires; control municipal estricto en la zona de resguardo ambiental periurbano.,"Planta de Tratamiento de Residuos en Casbas y puntos de acopio y clasificación en Guaminí, Laguna Alsina (Bonifacio) y Garré. Puntos verdes en espacios públicos.","Sistema de Lagunas Encadenadas del Oeste (Laguna del Monte, Cochicó, Alsina), ecosistemas lacustres de alto valor para pesca deportiva y aves acuáticas. Reforestación urbana.","Más de 5.000 hectáreas bajo manejo agroecológico certificado libre de agroquímicos, ordenanza modelo de fomento de la agroecología y zona de exclusión de fumigaciones de 1.000 metros de los cascos urbanos.",https://agenciatierraviva.com.ar/guamini-5-mil-hectareas-de-agroecologia/ ; https://www.guamini.gob.ar/,,,,,,,,
MUN-BA-075,General La Madrid,Sexta,13000,Dirección de Medio Ambiente municipal. Campañas en medios locales y escuelas sobre separación en origen,capacitaciones para vecinos y promotores comunitarios.,Agroindustria,semilleros y molinos. 3ra categoría fiscalizada por el Ministerio de Ambiente bonaerense; municipio controla habilitaciones de 1ra y 2da categoría y supervisa efluentes al Arroyo Salado.,Planta Municipal de Tratamiento de Residuos en funcionamiento continuo con venta periódica de materiales reciclables recuperados. Recolección diferenciada en General La Madrid,La Colina,Pontaut y Líbano.,"Balneario Municipal 'Eduardo Baraboglia' sobre el Arroyo Salado, vivero municipal y plan de reforestación de especies nativas.","Desarrollo del polo de investigación y cultivo de Cannabis Medicinal con altos estándares de bioseguridad ambiental, campañas de RAEE, recolección de pilas y CAT de fitosanitarios.",https://www.lamadrid.gob.ar/medio-ambiente/ ; https://www.gba.gob.ar/,,,,,
MUN-BA-076,Laprida,Sexta,13000,Dirección de Medio Ambiente. Declarada 'Capital Provincial del Reciclaje' por Ley Provincial y sede de la Fiesta Provincial del Reciclaje. Red continua de promotores ambientales escolares y vecinales con más de 30 años de cultura comunitaria de separación.,Actividad agroganadera,frigorífico municipal e industrias alimentarias. Control de 3ra categoría por parte de la Provincia de Buenos Aires; alta capacidad de fiscalización y control ambiental local en categorías 1 y 2.,"Planta de Tratamiento de Residuos Sólidos Urbanos (PTRSU) modelo a nivel nacional e internacional (inaugurada en 1991, cobertura del 100% en separación en origen y sin basural a cielo abierto desde hace décadas). Venta masiva de materiales y compostaje del 100% de orgánicos.","Complejo Municipal 'El Paraíso' (laguna y parque forestado), circuito de obras arquitectónicas de Salamone integradas al paisaje y arbolado público urbano consolidado.","Huerta agroecológica comunitaria, Museo del Agua, circuito de turismo pedagógico ambiental, ordenanza ejemplar de fitosanitarios y tratamiento modelo de residuos patogénicos.",https://www.laprida.gov.ar/index.php/contenido/p/turismo_ambiental ; https://www.ambiente.gba.gob.ar/noticias/comenz%C3%B3_en_laprida_la_primera_fiesta_provincial_del_reciclaje,,,,,,,,
MUN-BA-077,Salliqueló,Sexta,10000,Dirección de Ambiente. Talleres educativos de separación domiciliaria en escuelas primarias y secundarias de Salliqueló y Quenumá,y campañas de concientización vecinal.,Industria láctea,frigoríficos,agroindustrias y presencia de la traza/planta compresora del Gasoducto Presidente Néstor Kirchner. 3ra categoría fiscalizada por Ministerio de Ambiente PBA y entes reguladores; municipio controla 1ra y 2da categoría y efluentes de queserías.,Planta Municipal de Reciclado de Residuos con obras continuas de reacondicionamiento y saneamiento en el predio del basurero municipal. Puntos limpios para recolección selectiva.,"Paseo del Lago, Parque Municipal, arbolado urbano y cortinas forestales de protección de vientos rurales.",Gestión de envases fitosanitarios vacíos con CampoLimpio,ordenanza de regulación de efluentes de tambos y programas de eficiencia energética.,https://www.salliquelo.gob.ar/noticias/detalle/Avances-en-la-Planta-de-Reciclado-y-en-el-predio-d ; https://www.laregionweb.info/single-post/salliquel%C3%B3-avanzan-los-trabajos-en-la-planta-de-reciclado-y-en-el-predio-del-basurero-municipal,,,,,
MUN-BA-078,Tres Lomas,Sexta,10000,Secretaría de Ambiente y Producción. Visitas guiadas escolares a la planta de residuos,promotores ambientales en eventos populares y jornadas barriales de reciclaje.,Acopios de granos,agroquímicos,frigorífico e industria agropecuaria. Fiscalización de 3ra categoría a cargo del Ministerio de Ambiente de la Provincia; la comuna fiscaliza establecimientos categoría 1 y 2.,Planta de Tratamiento y Separación de RSU en Tres Lomas e Ingeniero Thompson. Venta periódica de material reciclado (plásticos,metales,cartón) y puntos limpios en plazas.,Parque Doctor Calatayud,Laguna Las Charcas y arbolado público urbano con censo forestal.,Reciclado de aceite vegetal usado (AVU),recolección de bidones de agroquímicos y ordenanza de regulación de fitosanitarios.,https://www.treslomas.gob.ar/?q=content/la-planta-rsu-abrio-sus-puertas-la-comunidad ; https://www.treslomas.gob.ar/?q=content/tres-lomas-comenzo-con-la-venta-material-reciclado,,
MUN-BA-079,Monte Hermoso,Sexta,9000,"Secretaría de Gestión Ambiental. Programa 'Monte Hermoso Destino Sustentable' con promotores ambientales costeros desplegados en playas durante la temporada estival, concientización en paradores y escuelas.",Sin presencia de industrias pesadas de 3ra categoría; matriz centrada en turismo,construcción y pesca artesanal. Fiscalización provincial disponible para eventuales industrias complejas; control ambiental municipal intensivo sobre comercios,paradores y servicios náuticos.,Complejo Ambiental GIRSU Monte Hermoso (certificado como Destino Sustentable),con planta de separación automatizada que recupera más de 500 toneladas anuales de reciclables. Red de Puntos Limpios en costanera y barrios.,"Reserva Natural Provincial Pehuen Có - Monte Hermoso (yacimiento paleoicnológico protegido), Laguna Sauce Grande (humedal clave de avifauna y pesca) y frente dunícola costero protegido.",Ordenanza de playa libre de plásticos de un solo uso y colillas de cigarrillos,protección del cordón de dunas vivas y recambio al 100% de alumbrado público LED.,https://montehermoso.gob.ar/ ; https://www.ambiente.gba.gob.ar/,,,,,
MUN-BA-080,Pellegrini,Sexta,8000,Dirección de Ambiente. Jornadas comunitarias de concientización sobre separación en origen,talleres de reciclaje y compostaje en escuelas de Pellegrini,De Bary y Bocayuva.,Actividad ganadera,tambos y plantas de acopio. 3ra categoría a cargo del Ministerio de Ambiente PBA; fiscalización municipal sobre establecimientos comerciales,talleres y categorizaciones de 1ra y 2da categoría.,Planta Municipal de Separación y Reciclado de Residuos en funcionamiento continuo con venta de reciclables prensados. Puntos limpios distribuidos en el casco urbano.,"Complejo Polideportivo y lagunas del oeste bonaerense, plan de arbolado urbano y cortinas forestales de protección rural.",Régimen sancionatorio para infracciones ambientales y vertidos clandestinos,gestión de envases de agroquímicos con CampoLimpio y campañas de recolección de RAEE.,https://sibom.slyt.gba.gob.ar/bulletins/1832/contents/1288508 ; https://www.pellegrini.gov.ar/,,,,
MUN-BA-081,Bolívar,Séptima,38000,La Dirección de Ambiente y Desarrollo Sustentable articula iniciativas con el programa provincial Mi Provincia Recicla del Ministerio de Ambiente PBA. Se desarrollan campañas de educación ambiental y concientización comunitaria en escuelas e instituciones intermedias mediante la entrega de cestos diferenciados (orgánicos e inorgánicos). Dispone de una red de Puntos Verdes fijos (Plaza Mitre,Centro Cívico y Plaza Casimira Barroso) donde promotores ambientales y personal municipal orientan a los vecinos sobre separación en origen y reciclaje.,El partido cuenta con un Sector Industrial Planificado (SIP). En el marco de la Ley Provincial 11.459 y su Decreto Reglamentario 531/19,la fiscalización y emisión del Certificado de Aptitud Ambiental (CAA) para establecimientos de 3ra Categoría (alta complejidad ambiental) recae de forma exclusiva y directa en el Ministerio de Ambiente de la Provincia de Buenos Aires (ex OPDS). A nivel municipal,el área de Ambiente y el Juzgado de Faltas fiscalizan industrias de 1ra y 2da categoría e intervienen activamente en el control de talleres,acopio y manipulación indebida de envases de agroquímicos/fitosanitarios.,Cuenta con una Planta de Recuperación de Residuos Sólidos Urbanos activa que clasifica plásticos,metales,vidrio,papel y cartón. Dispone de recolección diferenciada y Puntos Verdes urbanos. El municipio suscribió convenios con la Provincia de Buenos Aires (programa Mi Provincia Recicla) para el saneamiento,relocalización y erradicación progresiva del basural a cielo abierto histórico. En el mismo predio de la Planta de RSU funciona el Centro de Almacenamiento Transitorio (CAT Bolívar) para envases vacíos de fitosanitarios bajo la Ley Nacional 27.279 articulado con CampoLimpio.,"Se destacan como principales espacios naturales el Parque Municipal 'Las Acollaradas', la Laguna San Luis (humedal y reserva hídrica y recreativa para la conservación de la ictiofauna) y los corredores de la Cuenca del Arroyo Vallimanca (tributario del Río Salado). El municipio lleva adelante un plan de arbolado urbano y reforestación de espacios públicos con especies nativas producidas en articulación con el vivero local.","Rigen las Ordenanzas Municipales Nº 2459/17 y Nº 925/93 sobre regulación, aplicación, acopio y zonas de exclusión de fitosanitarios y agroquímicos con sanciones aplicadas por el Juzgado de Faltas; proyectos de movilidad sustentable comunitaria; y participación en las obras de control de inundaciones y preservación ambiental del Plan Maestro de la Cuenca del Río Salado.",https://www.bolivar.gob.ar/ ; https://www.ambiente.gba.gob.ar/fitosanitarios/CAT ; https://www.bolivar.gob.ar/novedades/3161-el-municipio-contina-trabajando-para-o.html ; https://www.bolivar.gob.ar/novedades/4160-el-juzgado-de-faltas-sancion-la-manipu.html,
MUN-BA-082,Saladillo,Séptima,37000,"La Dirección de Gestión Ambiental coordina actividades de educación y concientización vecinal a través de programas como el 'Reciclatón' en escuelas secundarias e iniciativas barriales como 'ECONORTE' en la Delegación de Saladillo Norte, donde se realiza pesaje de reciclables domiciliarios e incentivos a familias. Se capacita a promotores y personal técnico en gestión, compostaje domiciliario y reciclado de diferentes corrientes de residuos.","El distrito cuenta con el Parque Industrial Saladillo y una fuerte presencia de plantas de acopio de cereales, agroindustrias y molinos harineros. Conforme a la Ley 11.459, la fiscalización de industrias de 3ra categoría (ej. plantas de acopio cerealero de gran escala como La Bragadense S.A., frigoríficos y metalmecánicas complejas) depende centralmente del Ministerio de Ambiente PBA y de la Autoridad del Agua (ADA). El municipio ejerce facultades de control y habilitación en 1ra y 2da categoría, monitoreando zonificación y condiciones de seguridad e higiene.",Dispone de la Planta de Reciclado Urbano de Saladillo (PIRUSA / CURSU),la cual procesa materiales reciclables secos provenientes de la separación domiciliaria en origen (esquema de bolsas diferenciadas),campanas y puntos limpios urbanos. Se avanza en la optimización de celdas de disposición final controlada para minimizar el impacto del vertedero municipal y en campañas periódicas de recolección de RAEEs y neumáticos.,"Alberga el Vivero Municipal de Cazón 'Eduardo L. Holmberg' (en el pueblo de Cazón, reconocido como 'el pueblo del millón de árboles'), uno de los viveros forestales más importantes de la provincia de Buenos Aires, clave para la provisión de arbolado urbano y especies nativas a nivel regional. En términos de biodiversidad y humedales, sobresale el sistema de Lagunas 'Indio Muerto' (más de 2.000 hectáreas de humedales sobre el curso del Saladillo Chico) y el Parque de las Aguas.",Ordenanza municipal de regulación del uso y aplicación terrestre de productos fitosanitarios con delimitación de zonas de amortiguamiento periurbanas y peri-escolares; inserción en el Plan Maestro Integral de la Cuenca del Río Salado; y desarrollo de parques solares fotovoltaicos con acumulación en las localidades de Del Carril y Polvaredas en convenio con el FREBA y la Provincia.,https://www.saladillo.gob.ar/ ; https://participacionpublica.ambiente.gba.gob.ar/participacion/cp_cerradas ; https://www.mininterior.gov.ar/licitaciones/descargar.php?i=38233 ; https://diariobonaerense.com.ar/contenido/6551/saladillo-lanzo-el-reciclaton-para-promover-el-reciclaje-entre-estudiantes,,,,,,,
MUN-BA-083,Veinticinco de Mayo,Séptima,37000,"A través de la Dirección de Ambiente y la sanción de la Ordenanza Marco GIRSU Nº 3553/2024, se instituyó el Registro Único de Recuperadores Urbanos y Promotores Ambientales, promoviendo capacitación sanitaria, formalización laboral y concientización comunitaria. En conjunto con el Ministerio de Ambiente de la Provincia, se implementó el concurso de Movilidad Sustentable con entrega de bicicletas a estudiantes para proyectos ecológicos comunitarios y talleres de compostaje.",Posee el Sector Industrial Planificado (SIP) 25 de Mayo. De acuerdo a la normativa provincial (Ley 11.459),las industrias de 3ra categoría están bajo la órbita de fiscalización,monitoreo de efluentes y categorización del Ministerio de Ambiente bonaerense. El municipio interviene en categorías 1 y 2,supervisa la correcta gestión de grandes generadores comerciales e industriales según la normativa GIRSU local e inspecciona las condiciones de seguridad en el parque industrial.,"El Concejo Deliberante aprobó la Ordenanza Nº 3553/2024 que regula integralmente la GIRSU, la recolección diferenciada y la valorización de residuos secos mediante cooperativas y recuperadores urbanos. Se ejecutó un plan conjunto con el Ministerio de Ambiente PBA (Programa Mi Provincia Recicla) para el saneamiento y cierre de dos basurales a cielo abierto históricos, incorporando maquinaria pesada y celdas de disposición controlada.","El principal pulmón verde y reservorio hídrico es el Parque Laguna 'Las Mulitas', un humedal urbano y espacio recreativo de gran valor biológico para aves acuáticas. Se proyectó y financió la construcción de un Parque Ambiental provincial con senderos educativos, especies nativas y luminarias solares, complementado con el plan de manejo y reposición de arbolado urbano público.",Convenios con el Ministerio de Ambiente PBA para proyectos de Transición Energética (luminarias LED en espacios públicos y clubes); regulación local de la aplicación y depósito de fitosanitarios; y saneamiento y mitigación de escorrentías en la cuenca del Río Salado.,https://hcd25demayo.gob.ar/legislacion-municipal/ordenanzas/todas-las-ordenanzas/342-Ordenanzas-2024/10626-Ordenanza-N%C2%B0-3553-2024.html ; https://www.ambiente.gba.gob.ar/noticias/kicillof_y_vilar_en_25_de_mayo_saneamiento_de_dos_basurales_y_entrega_de_maquinaria_para_la,,,,,,
MUN-BA-084,Roque Pérez,Séptima,15000,La Dirección de Ambiente impulsa campañas de concientización sobre separación en origen en articulación con escuelas,instituciones y centros de jubilados. Cuenta con promotores ambientales que participan en la instalación y atención de eco-puntos e islas de residuos secos construidas por la carpintería municipal en alianza con actores privados y comunitarios.,"Dispone de un Sector Industrial Planificado (SIP) y un nodo productivo con fuerte peso de la industria agroalimentaria, faena de aves y frigoríficos (ej. Frigorífico La Canaria / polo avícola ex Criave). Las industrias de 3ra categoría son fiscalizadas por el Ministerio de Ambiente PBA y la Autoridad del Agua (ADA), habiendo intervenido la Justicia Federal de Azul y la UFIMA en causas por infracción a la Ley 24.051 de residuos peligrosos ante vertidos de efluentes no tratados al Río Salado. El municipio actúa en categorías 1 y 2 y como canal de verificación y denuncia ambiental.",La Planta Municipal de Tratamiento de Residuos Sólidos Urbanos fue declarada oficialmente 'Destino Sustentable' por el Ministerio de Ambiente de la Provincia de Buenos Aires. Opera con circuito de recolección diferenciada domiciliaria,cinta de clasificación,enfardado de reciclables (plástico,cartón,vidrio,aluminio) y labores continuas de ordenamiento y remediación del basural local.,"Se destaca el Refugio de Flora y Fauna Silvestre 'Laguna de Ratto', área natural protegida municipal que preserva un humedal pampeano y avifauna nativa, donde recientemente se incorporaron islas de separación de residuos secos. Asimismo, se protegen los humedales ribereños del Río Salado y se implementan planes anuales de poda y arbolado público.",Controles y monitoreo sobre vertidos cloacales e industriales a la Cuenca del Río Salado; regulación de la aplicación de productos fitosanitarios periurbanos; promoción del turismo rural sustentable y conservación del patrimonio natural y paisajístico en parajes como Carlos Beguerie.,https://roqueperez.gob.ar/ ; https://roqueperez.gob.ar/content/la-planta-tratamiento-residuos-solidos-urbanos-ha-sido-declarada-destino-sustentable ; https://roqueperez.gob.ar/content/nueva-isla-para-residuos-secos-en-el-refugio-flora-y-fauna-silvestre-laguna-ratto ; https://www.fiscales.gob.ar/medio-ambiente/azul-procesaron-al-presidente-de-un-frigorifico-por-el-vertido-ilegal-de-efluentes-contaminantes-al-rio-salado/,,,
MUN-BA-085,General Alvear,Séptima,14000,El área municipal de Ambiente y Servicios Públicos,en articulación con el Ministerio de Ambiente bonaerense,lleva adelante talleres de educación ecológica y entrega de composteras comunitarias y domiciliarias a familias locales. Se realizan jornadas de capacitación sobre separación de residuos y entrega de indumentaria de seguridad y herramientas a los trabajadores del reciclado.,"Cuenta con el Sector Industrial Planificado (SIP) General Alvear (predio de 20 hectáreas beneficiado por obras viales e infraestructura mediante el programa provincial Arriba Parques). La fiscalización, habilitación y categorización de industrias de 3ra categoría corresponde al Ministerio de Ambiente de la PBA según la Ley 11.459. El municipio ejerce el poder de policía ambiental en establecimientos de 1ra y 2da categoría y fiscaliza comercios y agroservicios.",Dispone de una Planta Municipal de Reciclado y Tratamiento de Residuos. El distrito fue fortalecido por el programa Mi Provincia Recicla del Ministerio de Ambiente de la Provincia con la entrega de un camión de caja abierta para recolección diferenciada,equipamiento e indumentaria para operarios. Se avanza en la separación en origen y en la mitigación del basural a cielo abierto municipal.,"Se resalta el espacio verde y recreativo 'Agesilao Milano', dotado de bicicletas y circuitos de movilidad sustentable. El municipio y la Provincia ejecutan tareas de reforestación de espacios públicos mediante la plantación de ejemplares de árboles nativos bonaerenses para recuperar biodiversidad. Se incluye la protección de las márgenes del Arroyo Vallimanca y el Canal Piñeyro.",Obras estructurales de saneamiento e infraestructura hídrica (ampliación de la planta potabilizadora de ABSA y renovación de compuertas en Canal Piñeyro para control de crecidas y sequías); ordenanza de fitosanitarios y agroquímicos con control de zonas de amortiguamiento; y fomento de la movilidad sustentable.,https://www.ambiente.gba.gob.ar/noticias/el_ministerio_de_ambiente_de_la_provincia_fortalece_las_pol%C3%ADticas_ambientales_en_general ; https://www.gba.gob.ar/produccion/noticias/la_pba_financia_obras_por_60_millones_en_el_parque_industrial_de_gral_alvear ; https://andigital.com.ar/nota/142377/kicillof-cruzo-al-gobierno-nacional-desde-general-alvear-sin-estado-no-hay-agua-ni-salud/,,,,,,
MUN-BA-086,Tapalqué,Séptima,12000,"El Área de Medio Ambiente municipal desarrolla talleres continuos y charlas educativas sobre cuidado del arbolado, compostaje y reciclaje en escuelas y centros barriales. Existe un alto compromiso vecinal histórico sostenido por el programa TAPALIM, donde los propios vecinos actúan como agentes de separación activa en cada hogar.",Dado el perfil agropecuario y turístico del distrito,no cuenta con un gran polo de industrias pesadas de 3ra categoría. Cualquier establecimiento con potencial impacto de alta complejidad ambiental (ej. plantas de acopio a gran escala o complejos termales en sus obras matrices) es fiscalizado por el Ministerio de Ambiente de la Provincia y la ADA. El municipio gestiona de forma autónoma el control de 1ra y 2da categoría y la fiscalización comercial y de servicios.,"El municipio es reconocido a nivel provincial por su programa y Planta Modelo de Tratamiento de Residuos 'TAPALIM'. El sistema opera con separación domiciliaria obligatoria en 3 fracciones: 1) Residuos compostables (tratamiento biológico y obtención de abono orgánico), 2) Residuos reciclables inorgánicos (clasificación, prensado y comercialización de plásticos, metales, vidrios y cartón), y 3) Residuos patogénicos (tratados mediante horno pirolítico propio). Este sistema permitió la eliminación histórica del basural a cielo abierto tradicional.","Se destaca la Costanera del Arroyo Tapalqué, un sendero y parque natural protegido de más de 10 kilómetros con bosque ribereño, fauna autóctona y espacios de esparcimiento; el predio del Complejo Termal Tapalqué (17 hectáreas parquizadas bajo criterios de conservación ambiental y turismo termal sustentable); y programas continuos de plantación y preservación del arbolado público.",Gestión municipal modelo en economía circular y tratamiento de residuos patogénicos; ordenanza de regulación de aplicaciones de fitosanitarios para salvaguardar cursos de agua y zonas residenciales; y articulación con la Provincia en eficiencia energética y turismo ecológico.,https://www.municipiodetapalque.gob.ar/tapalim ; https://termastapalque.com.ar/ ; https://www.municipiodetapalque.gob.ar/areas-noticias/medio-ambiente,,,,,,,,